inn_bat,name,mnum,rs,four,six,out,bowf,inn_bow,rc,balb,wkt,season,type,date,city,teams,team_nm,pts_for_thrty,pts_for_fifty,pts_for_hundy,pts_for_ducky,pts_for_3w,pts_for_4w,pts_for_5w,bow_econ,pts_for_bow_econ,bat_pts,bow_pts,pts_crickpe
1,AT Rayudu,1,12.0,0.0,1.0,1.0,12.0,,,,,2023,T20,2023_03_31,Ahmedabad,Chennai Super Kings_v_Gujarat Titans,Chennai Super Kings,0,0,0,0,0,0,0,,0.0,14.0,0.0,14.0
1,BA Stokes,1,7.0,1.0,0.0,1.0,6.0,,,,,2023,T20,2023_03_31,Ahmedabad,Chennai Super Kings_v_Gujarat Titans,Chennai Super Kings,0,0,0,0,0,0,0,,0.0,8.0,0.0,8.0
1,DP Conway,1,1.0,0.0,0.0,1.0,6.0,,,,,2023,T20,2023_03_31,Ahmedabad,Chennai Super Kings_v_Gujarat Titans,Chennai Super Kings,0,0,0,0,0,0,0,,0.0,1.0,0.0,1.0
1,MJ Santner,1,1.0,0.0,0.0,0.0,3.0,2.0,32.0,24.0,0.0,2023,T20,2023_03_31,Ahmedabad,Chennai Super Kings_v_Gujarat Titans,Chennai Super Kings,0,0,0,0,0,0,0,8.0,0.0,1.0,0.0,1.0
1,MM Ali,1,23.0,4.0,1.0,1.0,16.0,,,,,2023,T20,2023_03_31,Ahmedabad,Chennai Super Kings_v_Gujarat Titans,Chennai Super Kings,0,0,0,0,0,0,0,,0.0,29.0,0.0,29.0
1,MS Dhoni,1,14.0,1.0,1.0,0.0,7.0,,,,,2023,T20,2023_03_31,Ahmedabad,Chennai Super Kings_v_Gujarat Titans,Chennai Super Kings,0,0,0,0,0,0,0,,0.0,17.0,0.0,17.0
1,RA Jadeja,1,1.0,0.0,0.0,1.0,2.0,2.0,28.0,24.0,1.0,2023,T20,2023_03_31,Ahmedabad,Chennai Super Kings_v_Gujarat Titans,Chennai Super Kings,0,0,0,0,0,0,0,7.0,0.0,1.0,25.0,26.0
1,RD Gaikwad,1,92.0,4.0,9.0,1.0,50.0,,,,,2023,T20,2023_03_31,Ahmedabad,Chennai Super Kings_v_Gujarat Titans,Chennai Super Kings,4,8,0,0,0,0,0,,0.0,126.0,0.0,126.0
1,S Dube,1,19.0,0.0,1.0,1.0,18.0,,,,,2023,T20,2023_03_31,Ahmedabad,Chennai Super Kings_v_Gujarat Titans,Chennai Super Kings,0,0,0,0,0,0,0,,0.0,21.0,0.0,21.0
1,RS Hangargekar,1,,,,,,2.0,32.0,24.0,3.0,2023,T20,2023_03_31,Ahmedabad,Chennai Super Kings_v_Gujarat Titans,Chennai Super Kings,0,0,0,0,4,0,0,8.0,0.0,0.0,79.0,79.0
1,TU Deshpande,1,,,,,,2.0,49.0,20.0,1.0,2023,T20,2023_03_31,Ahmedabad,Chennai Super Kings_v_Gujarat Titans,Chennai Super Kings,0,0,0,0,0,0,0,14.7,0.0,0.0,25.0,25.0
1,DL Chahar,1,,,,,,2.0,29.0,24.0,0.0,2023,T20,2023_03_31,Ahmedabad,Chennai Super Kings_v_Gujarat Titans,Chennai Super Kings,0,0,0,0,0,0,0,7.25,0.0,0.0,0.0,0.0
2,Mohammed Shami,1,,,,,,1.0,28.0,24.0,2.0,2023,T20,2023_03_31,Ahmedabad,Chennai Super Kings_v_Gujarat Titans,Gujarat Titans,0,0,0,0,0,0,0,7.0,0.0,0.0,50.0,50.0
2,J Little,1,,,,,,1.0,41.0,24.0,1.0,2023,T20,2023_03_31,Ahmedabad,Chennai Super Kings_v_Gujarat Titans,Gujarat Titans,0,0,0,0,0,0,0,10.25,0.0,0.0,25.0,25.0
2,AS Joseph,1,,,,,,1.0,33.0,24.0,2.0,2023,T20,2023_03_31,Ahmedabad,Chennai Super Kings_v_Gujarat Titans,Gujarat Titans,0,0,0,0,0,0,0,8.25,0.0,0.0,50.0,50.0
2,R Tewatia,1,15.0,1.0,1.0,0.0,14.0,,,,,2023,T20,2023_03_31,Ahmedabad,Chennai Super Kings_v_Gujarat Titans,Gujarat Titans,0,0,0,0,0,0,0,,0.0,18.0,0.0,18.0
2,V Shankar,1,27.0,2.0,1.0,1.0,21.0,,,,,2023,T20,2023_03_31,Ahmedabad,Chennai Super Kings_v_Gujarat Titans,Gujarat Titans,0,0,0,0,0,0,0,,0.0,31.0,0.0,31.0
2,Shubman Gill,1,63.0,6.0,3.0,1.0,36.0,,,,,2023,T20,2023_03_31,Ahmedabad,Chennai Super Kings_v_Gujarat Titans,Gujarat Titans,4,8,0,0,0,0,0,,0.0,87.0,0.0,87.0
2,Rashid Khan,1,10.0,1.0,1.0,0.0,3.0,1.0,26.0,24.0,2.0,2023,T20,2023_03_31,Ahmedabad,Chennai Super Kings_v_Gujarat Titans,Gujarat Titans,0,0,0,0,0,0,0,6.5,0.0,13.0,50.0,63.0
2,HH Pandya,1,8.0,0.0,0.0,1.0,11.0,1.0,28.0,18.0,0.0,2023,T20,2023_03_31,Ahmedabad,Chennai Super Kings_v_Gujarat Titans,Gujarat Titans,0,0,0,0,0,0,0,9.333333333333334,0.0,8.0,0.0,8.0
2,B Sai Sudharsan,1,22.0,3.0,0.0,1.0,16.0,,,,,2023,T20,2023_03_31,Ahmedabad,Chennai Super Kings_v_Gujarat Titans,Gujarat Titans,0,0,0,0,0,0,0,,0.0,25.0,0.0,25.0
2,WP Saha,1,25.0,2.0,2.0,1.0,15.0,,,,,2023,T20,2023_03_31,Ahmedabad,Chennai Super Kings_v_Gujarat Titans,Gujarat Titans,0,0,0,0,0,0,0,,0.0,31.0,0.0,31.0
2,Yash Dayal,1,,,,,,1.0,14.0,6.0,0.0,2023,T20,2023_03_31,Ahmedabad,Chennai Super Kings_v_Gujarat Titans,Gujarat Titans,0,0,0,0,0,0,0,14.0,0.0,0.0,0.0,0.0
1,P Simran Singh,2,23.0,2.0,2.0,1.0,12.0,,,,,2023,T20,2023_04_01,Chandigarh,Punjab Kings_v_Kolkata Knight Riders,Punjab Kings,0,0,0,0,0,0,0,,0.0,29.0,0.0,29.0
1,RD Chahar,2,,,,,,2.0,12.0,12.0,1.0,2023,T20,2023_04_01,Chandigarh,Punjab Kings_v_Kolkata Knight Riders,Punjab Kings,0,0,0,0,0,0,0,6.0,0.0,0.0,25.0,25.0
1,R Dhawan,2,,,,,,2.0,15.0,6.0,0.0,2023,T20,2023_04_01,Chandigarh,Punjab Kings_v_Kolkata Knight Riders,Punjab Kings,0,0,0,0,0,0,0,15.0,0.0,0.0,0.0,0.0
1,NT Ellis,2,,,,,,2.0,25.0,18.0,1.0,2023,T20,2023_04_01,Chandigarh,Punjab Kings_v_Kolkata Knight Riders,Punjab Kings,0,0,0,0,0,0,0,8.333333333333334,0.0,0.0,25.0,25.0
1,Harpreet Brar,2,,,,,,2.0,7.0,6.0,0.0,2023,T20,2023_04_01,Chandigarh,Punjab Kings_v_Kolkata Knight Riders,Punjab Kings,0,0,0,0,0,0,0,7.0,0.0,0.0,0.0,0.0
1,Arshdeep Singh,2,,,,,,2.0,19.0,18.0,3.0,2023,T20,2023_04_01,Chandigarh,Punjab Kings_v_Kolkata Knight Riders,Punjab Kings,0,0,0,0,4,0,0,6.333333333333333,0.0,0.0,79.0,79.0
1,Sikandar Raza,2,16.0,1.0,1.0,1.0,13.0,2.0,24.0,18.0,1.0,2023,T20,2023_04_01,Chandigarh,Punjab Kings_v_Kolkata Knight Riders,Punjab Kings,0,0,0,0,0,0,0,8.0,0.0,19.0,25.0,44.0
1,SM Curran,2,26.0,0.0,2.0,0.0,17.0,2.0,38.0,18.0,1.0,2023,T20,2023_04_01,Chandigarh,Punjab Kings_v_Kolkata Knight Riders,Punjab Kings,0,0,0,0,0,0,0,12.666666666666666,0.0,30.0,25.0,55.0
1,JM Sharma,2,21.0,1.0,2.0,1.0,11.0,,,,,2023,T20,2023_04_01,Chandigarh,Punjab Kings_v_Kolkata Knight Riders,Punjab Kings,0,0,0,0,0,0,0,,0.0,26.0,0.0,26.0
1,M Shahrukh Khan,2,11.0,2.0,0.0,0.0,7.0,,,,,2023,T20,2023_04_01,Chandigarh,Punjab Kings_v_Kolkata Knight Riders,Punjab Kings,0,0,0,0,0,0,0,,0.0,13.0,0.0,13.0
1,S Dhawan,2,40.0,6.0,0.0,1.0,28.0,,,,,2023,T20,2023_04_01,Chandigarh,Punjab Kings_v_Kolkata Knight Riders,Punjab Kings,4,0,0,0,0,0,0,,0.0,50.0,0.0,50.0
1,PBB Rajapaksa,2,50.0,5.0,2.0,1.0,32.0,,,,,2023,T20,2023_04_01,Chandigarh,Punjab Kings_v_Kolkata Knight Riders,Punjab Kings,4,8,0,0,0,0,0,,0.0,71.0,0.0,71.0
2,CV Varun,2,,,,,,1.0,25.0,24.0,1.0,2023,T20,2023_04_01,Chandigarh,Punjab Kings_v_Kolkata Knight Riders,Kolkata Knight Riders,0,0,0,0,0,0,0,6.25,0.0,0.0,25.0,25.0
2,AD Russell,2,35.0,3.0,2.0,1.0,18.0,,,,,2023,T20,2023_04_01,Chandigarh,Punjab Kings_v_Kolkata Knight Riders,Kolkata Knight Riders,4,0,0,0,0,0,0,,0.0,46.0,0.0,46.0
2,VR Iyer,2,34.0,3.0,1.0,1.0,27.0,,,,,2023,T20,2023_04_01,Chandigarh,Punjab Kings_v_Kolkata Knight Riders,Kolkata Knight Riders,4,0,0,0,0,0,0,,0.0,43.0,0.0,43.0
2,SP Narine,2,7.0,0.0,1.0,0.0,2.0,1.0,39.0,24.0,1.0,2023,T20,2023_04_01,Chandigarh,Punjab Kings_v_Kolkata Knight Riders,Kolkata Knight Riders,0,0,0,0,0,0,0,9.75,0.0,9.0,25.0,34.0
2,SN Thakur,2,8.0,0.0,1.0,0.0,3.0,1.0,42.0,24.0,0.0,2023,T20,2023_04_01,Chandigarh,Punjab Kings_v_Kolkata Knight Riders,Kolkata Knight Riders,0,0,0,0,0,0,0,10.5,0.0,10.0,0.0,10.0
2,Rahmanullah Gurbaz,2,22.0,3.0,1.0,1.0,16.0,,,,,2023,T20,2023_04_01,Chandigarh,Punjab Kings_v_Kolkata Knight Riders,Kolkata Knight Riders,0,0,0,0,0,0,0,,0.0,27.0,0.0,27.0
2,RK Singh,2,4.0,0.0,0.0,1.0,4.0,,,,,2023,T20,2023_04_01,Chandigarh,Punjab Kings_v_Kolkata Knight Riders,Kolkata Knight Riders,0,0,0,0,0,0,0,,0.0,4.0,0.0,4.0
2,N Rana,2,24.0,3.0,1.0,1.0,17.0,,,,,2023,T20,2023_04_01,Chandigarh,Punjab Kings_v_Kolkata Knight Riders,Kolkata Knight Riders,0,0,0,0,0,0,0,,0.0,29.0,0.0,29.0
2,Mandeep Singh,2,2.0,0.0,0.0,1.0,4.0,,,,,2023,T20,2023_04_01,Chandigarh,Punjab Kings_v_Kolkata Knight Riders,Kolkata Knight Riders,0,0,0,0,0,0,0,,0.0,2.0,0.0,2.0
2,AS Roy,2,4.0,1.0,0.0,1.0,5.0,,,,,2023,T20,2023_04_01,Chandigarh,Punjab Kings_v_Kolkata Knight Riders,Kolkata Knight Riders,0,0,0,0,0,0,0,,0.0,5.0,0.0,5.0
2,TG Southee,2,,,,,,1.0,54.0,24.0,2.0,2023,T20,2023_04_01,Chandigarh,Punjab Kings_v_Kolkata Knight Riders,Kolkata Knight Riders,0,0,0,0,0,0,0,13.5,0.0,0.0,50.0,50.0
2,UT Yadav,2,,,,,,1.0,27.0,24.0,1.0,2023,T20,2023_04_01,Chandigarh,Punjab Kings_v_Kolkata Knight Riders,Kolkata Knight Riders,0,0,0,0,0,0,0,6.75,0.0,0.0,25.0,25.0
1,A Badoni,3,18.0,1.0,2.0,1.0,7.0,,,,,2023,T20,2023_04_01,Lucknow,Lucknow Super Giants_v_Delhi Capitals,Lucknow Super Giants,0,0,0,0,0,0,0,,0.0,23.0,0.0,23.0
1,JD Unadkat,3,,,,,,2.0,33.0,18.0,0.0,2023,T20,2023_04_01,Lucknow,Lucknow Super Giants_v_Delhi Capitals,Lucknow Super Giants,0,0,0,0,0,0,0,11.0,0.0,0.0,0.0,0.0
1,Avesh Khan,3,,,,,,2.0,29.0,24.0,2.0,2023,T20,2023_04_01,Lucknow,Lucknow Super Giants_v_Delhi Capitals,Lucknow Super Giants,0,0,0,0,0,0,0,7.25,0.0,0.0,50.0,50.0
1,N Pooran,3,36.0,2.0,3.0,1.0,21.0,,,,,2023,T20,2023_04_01,Lucknow,Lucknow Super Giants_v_Delhi Capitals,Lucknow Super Giants,4,0,0,0,0,0,0,,0.0,48.0,0.0,48.0
1,MP Stoinis,3,12.0,0.0,1.0,1.0,10.0,,,,,2023,T20,2023_04_01,Lucknow,Lucknow Super Giants_v_Delhi Capitals,Lucknow Super Giants,0,0,0,0,0,0,0,,0.0,14.0,0.0,14.0
1,KR Mayers,3,73.0,2.0,7.0,1.0,38.0,2.0,6.0,6.0,0.0,2023,T20,2023_04_01,Lucknow,Lucknow Super Giants_v_Delhi Capitals,Lucknow Super Giants,4,8,0,0,0,0,0,6.0,0.0,101.0,0.0,101.0
1,KL Rahul,3,8.0,0.0,1.0,1.0,12.0,,,,,2023,T20,2023_04_01,Lucknow,Lucknow Super Giants_v_Delhi Capitals,Lucknow Super Giants,0,0,0,0,0,0,0,,0.0,10.0,0.0,10.0
1,KH Pandya,3,15.0,0.0,1.0,0.0,13.0,,,,,2023,T20,2023_04_01,Lucknow,Lucknow Super Giants_v_Delhi Capitals,Lucknow Super Giants,0,0,0,0,0,0,0,,0.0,17.0,0.0,17.0
1,K Gowtham,3,6.0,0.0,1.0,0.0,1.0,2.0,22.0,24.0,0.0,2023,T20,2023_04_01,Lucknow,Lucknow Super Giants_v_Delhi Capitals,Lucknow Super Giants,0,0,0,0,0,0,0,5.5,0.5,8.0,0.5,8.5
1,DJ Hooda,3,17.0,0.0,0.0,1.0,18.0,,,,,2023,T20,2023_04_01,Lucknow,Lucknow Super Giants_v_Delhi Capitals,Lucknow Super Giants,0,0,0,0,0,0,0,,0.0,17.0,0.0,17.0
1,MA Wood,3,,,,,,2.0,12.0,24.0,5.0,2023,T20,2023_04_01,Lucknow,Lucknow Super Giants_v_Delhi Capitals,Lucknow Super Giants,0,0,0,0,4,8,16,3.0,0.0,0.0,153.0,153.0
1,Ravi Bishnoi,3,,,,,,2.0,31.0,24.0,2.0,2023,T20,2023_04_01,Lucknow,Lucknow Super Giants_v_Delhi Capitals,Lucknow Super Giants,0,0,0,0,0,0,0,7.75,0.0,0.0,50.0,50.0
2,RR Rossouw,3,30.0,3.0,1.0,1.0,20.0,,,,,2023,T20,2023_04_01,Lucknow,Lucknow Super Giants_v_Delhi Capitals,Delhi Capitals,4,0,0,0,0,0,0,,0.0,39.0,0.0,39.0
2,R Powell,3,1.0,0.0,0.0,1.0,3.0,,,,,2023,T20,2023_04_01,Lucknow,Lucknow Super Giants_v_Delhi Capitals,Delhi Capitals,0,0,0,0,0,0,0,,0.0,1.0,0.0,1.0
2,PP Shaw,3,12.0,2.0,0.0,1.0,9.0,,,,,2023,T20,2023_04_01,Lucknow,Lucknow Super Giants_v_Delhi Capitals,Delhi Capitals,0,0,0,0,0,0,0,,0.0,14.0,0.0,14.0
2,Mukesh Kumar,3,0.0,0.0,0.0,0.0,1.0,1.0,33.0,24.0,0.0,2023,T20,2023_04_01,Lucknow,Lucknow Super Giants_v_Delhi Capitals,Delhi Capitals,0,0,0,-2,0,0,0,8.25,0.0,-2.0,0.0,-2.0
2,MR Marsh,3,0.0,0.0,0.0,1.0,1.0,,,,,2023,T20,2023_04_01,Lucknow,Lucknow Super Giants_v_Delhi Capitals,Delhi Capitals,0,0,0,-2,0,0,0,,0.0,-2.0,0.0,-2.0
2,Kuldeep Yadav,3,6.0,0.0,0.0,0.0,10.0,1.0,35.0,24.0,1.0,2023,T20,2023_04_01,Lucknow,Lucknow Super Giants_v_Delhi Capitals,Delhi Capitals,0,0,0,0,0,0,0,8.75,0.0,6.0,25.0,31.0
2,DA Warner,3,56.0,7.0,0.0,1.0,48.0,,,,,2023,T20,2023_04_01,Lucknow,Lucknow Super Giants_v_Delhi Capitals,Delhi Capitals,4,8,0,0,0,0,0,,0.0,75.0,0.0,75.0
2,C Sakariya,3,4.0,1.0,0.0,1.0,4.0,1.0,50.0,24.0,2.0,2023,T20,2023_04_01,Lucknow,Lucknow Super Giants_v_Delhi Capitals,Delhi Capitals,0,0,0,0,0,0,0,12.5,0.0,5.0,50.0,55.0
2,Aman Hakim Khan,3,4.0,0.0,0.0,1.0,5.0,,,,,2023,T20,2023_04_01,Lucknow,Lucknow Super Giants_v_Delhi Capitals,Delhi Capitals,0,0,0,0,0,0,0,,0.0,4.0,0.0,4.0
2,KK Ahmed,3,,,,,,1.0,29.0,24.0,2.0,2023,T20,2023_04_01,Lucknow,Lucknow Super Giants_v_Delhi Capitals,Delhi Capitals,0,0,0,0,0,0,0,7.25,0.0,0.0,50.0,50.0
2,SN Khan,3,4.0,1.0,0.0,1.0,8.0,,,,,2023,T20,2023_04_01,Lucknow,Lucknow Super Giants_v_Delhi Capitals,Delhi Capitals,0,0,0,0,0,0,0,,0.0,5.0,0.0,5.0
2,AR Patel,3,16.0,1.0,1.0,1.0,11.0,1.0,38.0,24.0,1.0,2023,T20,2023_04_01,Lucknow,Lucknow Super Giants_v_Delhi Capitals,Delhi Capitals,0,0,0,0,0,0,0,9.5,0.0,19.0,25.0,44.0
1,D Padikkal,4,2.0,0.0,0.0,1.0,5.0,,,,,2023,T20,2023_04_02,Hyderabad,Rajasthan Royals_v_Sunrisers Hyderabad,Rajasthan Royals,0,0,0,0,0,0,0,,0.0,2.0,0.0,2.0
1,NA Saini,4,,,,,,2.0,31.0,12.0,0.0,2023,T20,2023_04_02,Hyderabad,Rajasthan Royals_v_Sunrisers Hyderabad,Rajasthan Royals,0,0,0,0,0,0,0,15.5,0.0,0.0,0.0,0.0
1,KM Asif,4,,,,,,2.0,14.0,18.0,0.0,2023,T20,2023_04_02,Hyderabad,Rajasthan Royals_v_Sunrisers Hyderabad,Rajasthan Royals,0,0,0,0,0,0,0,4.666666666666667,0.0,0.0,0.0,0.0
1,JO Holder,4,,,,,,2.0,16.0,18.0,1.0,2023,T20,2023_04_02,Hyderabad,Rajasthan Royals_v_Sunrisers Hyderabad,Rajasthan Royals,0,0,0,0,0,0,0,5.333333333333333,0.6666666666666666,0.0,25.666666666666668,25.666666666666668
1,TA Boult,4,,,,,,2.0,21.0,24.0,2.0,2023,T20,2023_04_02,Hyderabad,Rajasthan Royals_v_Sunrisers Hyderabad,Rajasthan Royals,0,0,0,0,0,0,0,5.25,0.5,0.0,50.5,50.5
1,YBK Jaiswal,4,54.0,9.0,0.0,1.0,37.0,,,,,2023,T20,2023_04_02,Hyderabad,Rajasthan Royals_v_Sunrisers Hyderabad,Rajasthan Royals,4,8,0,0,0,0,0,,0.0,75.0,0.0,75.0
1,YS Chahal,4,,,,,,2.0,17.0,24.0,4.0,2023,T20,2023_04_02,Hyderabad,Rajasthan Royals_v_Sunrisers Hyderabad,Rajasthan Royals,0,0,0,0,4,8,0,4.25,0.0,0.0,112.0,112.0
1,JC Buttler,4,54.0,7.0,3.0,1.0,22.0,,,,,2023,T20,2023_04_02,Hyderabad,Rajasthan Royals_v_Sunrisers Hyderabad,Rajasthan Royals,4,8,0,0,0,0,0,,0.0,79.0,0.0,79.0
1,R Ashwin,4,1.0,0.0,0.0,0.0,2.0,2.0,25.0,24.0,1.0,2023,T20,2023_04_02,Hyderabad,Rajasthan Royals_v_Sunrisers Hyderabad,Rajasthan Royals,0,0,0,0,0,0,0,6.25,0.0,1.0,25.0,26.0
1,SO Hetmyer,4,22.0,1.0,1.0,0.0,16.0,,,,,2023,T20,2023_04_02,Hyderabad,Rajasthan Royals_v_Sunrisers Hyderabad,Rajasthan Royals,0,0,0,0,0,0,0,,0.0,25.0,0.0,25.0
1,R Parag,4,7.0,1.0,0.0,1.0,6.0,,,,,2023,T20,2023_04_02,Hyderabad,Rajasthan Royals_v_Sunrisers Hyderabad,Rajasthan Royals,0,0,0,0,0,0,0,,0.0,8.0,0.0,8.0
1,SV Samson,4,55.0,3.0,4.0,1.0,32.0,,,,,2023,T20,2023_04_02,Hyderabad,Rajasthan Royals_v_Sunrisers Hyderabad,Rajasthan Royals,4,8,0,0,0,0,0,,0.0,78.0,0.0,78.0
2,AU Rashid,4,18.0,1.0,1.0,1.0,12.0,1.0,33.0,24.0,0.0,2023,T20,2023_04_02,Hyderabad,Rajasthan Royals_v_Sunrisers Hyderabad,Sunrisers Hyderabad,0,0,0,0,0,0,0,8.25,0.0,21.0,0.0,21.0
2,T Natarajan,4,,,,,,1.0,23.0,18.0,2.0,2023,T20,2023_04_02,Hyderabad,Rajasthan Royals_v_Sunrisers Hyderabad,Sunrisers Hyderabad,0,0,0,0,0,0,0,7.666666666666667,0.0,0.0,50.0,50.0
2,Fazalhaq Farooqi,4,,,,,,1.0,41.0,24.0,2.0,2023,T20,2023_04_02,Hyderabad,Rajasthan Royals_v_Sunrisers Hyderabad,Sunrisers Hyderabad,0,0,0,0,0,0,0,10.25,0.0,0.0,50.0,50.0
2,Washington Sundar,4,1.0,0.0,0.0,1.0,5.0,1.0,32.0,18.0,0.0,2023,T20,2023_04_02,Hyderabad,Rajasthan Royals_v_Sunrisers Hyderabad,Sunrisers Hyderabad,0,0,0,0,0,0,0,10.666666666666666,0.0,1.0,0.0,1.0
2,Umran Malik,4,19.0,1.0,2.0,0.0,7.0,1.0,31.0,18.0,1.0,2023,T20,2023_04_02,Hyderabad,Rajasthan Royals_v_Sunrisers Hyderabad,Sunrisers Hyderabad,0,0,0,0,0,0,0,10.333333333333334,0.0,24.0,25.0,49.0
2,MA Agarwal,4,27.0,3.0,0.0,1.0,23.0,,,,,2023,T20,2023_04_02,Hyderabad,Rajasthan Royals_v_Sunrisers Hyderabad,Sunrisers Hyderabad,0,0,0,0,0,0,0,,0.0,30.0,0.0,30.0
2,HC Brook,4,13.0,1.0,0.0,1.0,21.0,,,,,2023,T20,2023_04_02,Hyderabad,Rajasthan Royals_v_Sunrisers Hyderabad,Sunrisers Hyderabad,0,0,0,0,0,0,0,,0.0,14.0,0.0,14.0
2,B Kumar,4,6.0,0.0,0.0,1.0,10.0,1.0,35.0,18.0,0.0,2023,T20,2023_04_02,Hyderabad,Rajasthan Royals_v_Sunrisers Hyderabad,Sunrisers Hyderabad,0,0,0,0,0,0,0,11.666666666666666,0.0,6.0,0.0,6.0
2,Abhishek Sharma,4,0.0,0.0,0.0,1.0,3.0,,,,,2023,T20,2023_04_02,Hyderabad,Rajasthan Royals_v_Sunrisers Hyderabad,Sunrisers Hyderabad,0,0,0,-2,0,0,0,,0.0,-2.0,0.0,-2.0
2,Abdul Samad,4,32.0,2.0,1.0,0.0,31.0,,,,,2023,T20,2023_04_02,Hyderabad,Rajasthan Royals_v_Sunrisers Hyderabad,Sunrisers Hyderabad,4,0,0,0,0,0,0,,0.0,40.0,0.0,40.0
2,RA Tripathi,4,0.0,0.0,0.0,1.0,2.0,,,,,2023,T20,2023_04_02,Hyderabad,Rajasthan Royals_v_Sunrisers Hyderabad,Sunrisers Hyderabad,0,0,0,-2,0,0,0,,0.0,-2.0,0.0,-2.0
2,GD Phillips,4,8.0,0.0,1.0,1.0,6.0,,,,,2023,T20,2023_04_02,Hyderabad,Rajasthan Royals_v_Sunrisers Hyderabad,Sunrisers Hyderabad,0,0,0,0,0,0,0,,0.0,10.0,0.0,10.0
1,Arshad Khan,5,15.0,0.0,1.0,0.0,9.0,2.0,24.0,14.0,1.0,2023,T20,2023_04_02,Bengaluru,Mumbai Indians_v_Royal Challengers Bangalore,Mumbai Indians,0,0,0,0,0,0,0,10.285714285714286,0.0,17.0,25.0,42.0
1,C Green,5,5.0,1.0,0.0,1.0,4.0,2.0,30.0,12.0,1.0,2023,T20,2023_04_02,Bengaluru,Mumbai Indians_v_Royal Challengers Bangalore,Mumbai Indians,0,0,0,0,0,0,0,15.0,0.0,6.0,25.0,31.0
1,HR Shokeen,5,5.0,1.0,0.0,1.0,3.0,2.0,17.0,6.0,0.0,2023,T20,2023_04_02,Bengaluru,Mumbai Indians_v_Royal Challengers Bangalore,Mumbai Indians,0,0,0,0,0,0,0,17.0,0.0,6.0,0.0,6.0
1,Ishan Kishan,5,10.0,2.0,0.0,1.0,13.0,,,,,2023,T20,2023_04_02,Bengaluru,Mumbai Indians_v_Royal Challengers Bangalore,Mumbai Indians,0,0,0,0,0,0,0,,0.0,12.0,0.0,12.0
1,N Wadhera,5,21.0,1.0,2.0,1.0,13.0,,,,,2023,T20,2023_04_02,Bengaluru,Mumbai Indians_v_Royal Challengers Bangalore,Mumbai Indians,0,0,0,0,0,0,0,,0.0,26.0,0.0,26.0
1,RG Sharma,5,1.0,0.0,0.0,1.0,10.0,,,,,2023,T20,2023_04_02,Bengaluru,Mumbai Indians_v_Royal Challengers Bangalore,Mumbai Indians,0,0,0,0,0,0,0,,0.0,1.0,0.0,1.0
1,SA Yadav,5,15.0,1.0,0.0,1.0,16.0,,,,,2023,T20,2023_04_02,Bengaluru,Mumbai Indians_v_Royal Challengers Bangalore,Mumbai Indians,0,0,0,0,0,0,0,,0.0,16.0,0.0,16.0
1,TH David,5,4.0,0.0,0.0,1.0,7.0,,,,,2023,T20,2023_04_02,Bengaluru,Mumbai Indians_v_Royal Challengers Bangalore,Mumbai Indians,0,0,0,0,0,0,0,,0.0,4.0,0.0,4.0
1,Tilak Varma,5,84.0,9.0,4.0,0.0,45.0,,,,,2023,T20,2023_04_02,Bengaluru,Mumbai Indians_v_Royal Challengers Bangalore,Mumbai Indians,4,8,0,0,0,0,0,,0.0,113.0,0.0,113.0
1,PP Chawla,5,,,,,,2.0,26.0,24.0,0.0,2023,T20,2023_04_02,Bengaluru,Mumbai Indians_v_Royal Challengers Bangalore,Mumbai Indians,0,0,0,0,0,0,0,6.5,0.0,0.0,0.0,0.0
1,JP Behrendorff,5,,,,,,2.0,37.0,18.0,0.0,2023,T20,2023_04_02,Bengaluru,Mumbai Indians_v_Royal Challengers Bangalore,Mumbai Indians,0,0,0,0,0,0,0,12.333333333333334,0.0,0.0,0.0,0.0
1,JC Archer,5,,,,,,2.0,33.0,24.0,0.0,2023,T20,2023_04_02,Bengaluru,Mumbai Indians_v_Royal Challengers Bangalore,Mumbai Indians,0,0,0,0,0,0,0,8.25,0.0,0.0,0.0,0.0
2,Mohammed Siraj,5,,,,,,1.0,15.0,24.0,1.0,2023,T20,2023_04_02,Bengaluru,Mumbai Indians_v_Royal Challengers Bangalore,Royal Challengers Bangalore,0,0,0,0,0,0,0,3.75,0.0,0.0,25.0,25.0
2,MG Bracewell,5,,,,,,1.0,16.0,12.0,1.0,2023,T20,2023_04_02,Bengaluru,Mumbai Indians_v_Royal Challengers Bangalore,Royal Challengers Bangalore,0,0,0,0,0,0,0,8.0,0.0,0.0,25.0,25.0
2,KV Sharma,5,,,,,,1.0,31.0,24.0,2.0,2023,T20,2023_04_02,Bengaluru,Mumbai Indians_v_Royal Challengers Bangalore,Royal Challengers Bangalore,0,0,0,0,0,0,0,7.75,0.0,0.0,50.0,50.0
2,GJ Maxwell,5,12.0,0.0,2.0,0.0,3.0,1.0,15.0,6.0,0.0,2023,T20,2023_04_02,Bengaluru,Mumbai Indians_v_Royal Challengers Bangalore,Royal Challengers Bangalore,0,0,0,0,0,0,0,15.0,0.0,16.0,0.0,16.0
2,Akash Deep,5,,,,,,1.0,29.0,18.0,1.0,2023,T20,2023_04_02,Bengaluru,Mumbai Indians_v_Royal Challengers Bangalore,Royal Challengers Bangalore,0,0,0,0,0,0,0,9.666666666666666,0.0,0.0,25.0,25.0
2,V Kohli,5,82.0,6.0,5.0,0.0,49.0,,,,,2023,T20,2023_04_02,Bengaluru,Mumbai Indians_v_Royal Challengers Bangalore,Royal Challengers Bangalore,4,8,0,0,0,0,0,,0.0,110.0,0.0,110.0
2,KD Karthik,5,0.0,0.0,0.0,1.0,3.0,,,,,2023,T20,2023_04_02,Bengaluru,Mumbai Indians_v_Royal Challengers Bangalore,Royal Challengers Bangalore,0,0,0,-2,0,0,0,,0.0,-2.0,0.0,-2.0
2,F du Plessis,5,73.0,5.0,6.0,1.0,43.0,,,,,2023,T20,2023_04_02,Bengaluru,Mumbai Indians_v_Royal Challengers Bangalore,Royal Challengers Bangalore,4,8,0,0,0,0,0,,0.0,102.0,0.0,102.0
2,HV Patel,5,,,,,,1.0,40.0,24.0,1.0,2023,T20,2023_04_02,Bengaluru,Mumbai Indians_v_Royal Challengers Bangalore,Royal Challengers Bangalore,0,0,0,0,0,0,0,10.0,0.0,0.0,25.0,25.0
2,RJW Topley,5,,,,,,1.0,14.0,12.0,1.0,2023,T20,2023_04_02,Bengaluru,Mumbai Indians_v_Royal Challengers Bangalore,Royal Challengers Bangalore,0,0,0,0,0,0,0,7.0,0.0,0.0,25.0,25.0
1,AT Rayudu,6,27.0,2.0,2.0,0.0,14.0,,,,,2023,T20,2023_04_03,Chennai,Chennai Super Kings_v_Lucknow Super Giants,Chennai Super Kings,0,0,0,0,0,0,0,,0.0,33.0,0.0,33.0
1,BA Stokes,6,8.0,1.0,0.0,1.0,8.0,2.0,18.0,6.0,0.0,2023,T20,2023_04_03,Chennai,Chennai Super Kings_v_Lucknow Super Giants,Chennai Super Kings,0,0,0,0,0,0,0,18.0,0.0,9.0,0.0,9.0
1,DP Conway,6,47.0,5.0,2.0,1.0,28.0,,,,,2023,T20,2023_04_03,Chennai,Chennai Super Kings_v_Lucknow Super Giants,Chennai Super Kings,4,0,0,0,0,0,0,,0.0,60.0,0.0,60.0
1,MJ Santner,6,1.0,0.0,0.0,0.0,1.0,2.0,21.0,24.0,1.0,2023,T20,2023_04_03,Chennai,Chennai Super Kings_v_Lucknow Super Giants,Chennai Super Kings,0,0,0,0,0,0,0,5.25,0.5,1.0,25.5,26.5
1,MM Ali,6,19.0,3.0,0.0,1.0,13.0,2.0,25.0,24.0,4.0,2023,T20,2023_04_03,Chennai,Chennai Super Kings_v_Lucknow Super Giants,Chennai Super Kings,0,0,0,0,4,8,0,6.25,0.0,22.0,112.0,134.0
1,MS Dhoni,6,12.0,0.0,2.0,1.0,3.0,,,,,2023,T20,2023_04_03,Chennai,Chennai Super Kings_v_Lucknow Super Giants,Chennai Super Kings,0,0,0,0,0,0,0,,0.0,16.0,0.0,16.0
1,RA Jadeja,6,3.0,0.0,0.0,1.0,6.0,2.0,14.0,6.0,0.0,2023,T20,2023_04_03,Chennai,Chennai Super Kings_v_Lucknow Super Giants,Chennai Super Kings,0,0,0,0,0,0,0,14.0,0.0,3.0,0.0,3.0
1,RD Gaikwad,6,57.0,3.0,4.0,1.0,31.0,,,,,2023,T20,2023_04_03,Chennai,Chennai Super Kings_v_Lucknow Super Giants,Chennai Super Kings,4,8,0,0,0,0,0,,0.0,80.0,0.0,80.0
1,S Dube,6,27.0,1.0,3.0,1.0,16.0,,,,,2023,T20,2023_04_03,Chennai,Chennai Super Kings_v_Lucknow Super Giants,Chennai Super Kings,0,0,0,0,0,0,0,,0.0,34.0,0.0,34.0
1,RS Hangargekar,6,,,,,,2.0,21.0,12.0,0.0,2023,T20,2023_04_03,Chennai,Chennai Super Kings_v_Lucknow Super Giants,Chennai Super Kings,0,0,0,0,0,0,0,10.5,0.0,0.0,0.0,0.0
1,TU Deshpande,6,,,,,,2.0,38.0,24.0,2.0,2023,T20,2023_04_03,Chennai,Chennai Super Kings_v_Lucknow Super Giants,Chennai Super Kings,0,0,0,0,0,0,0,9.5,0.0,0.0,50.0,50.0
1,DL Chahar,6,,,,,,2.0,50.0,24.0,0.0,2023,T20,2023_04_03,Chennai,Chennai Super Kings_v_Lucknow Super Giants,Chennai Super Kings,0,0,0,0,0,0,0,12.5,0.0,0.0,0.0,0.0
2,Ravi Bishnoi,6,,,,,,1.0,27.0,24.0,3.0,2023,T20,2023_04_03,Chennai,Chennai Super Kings_v_Lucknow Super Giants,Lucknow Super Giants,0,0,0,0,4,0,0,6.75,0.0,0.0,79.0,79.0
2,Avesh Khan,6,,,,,,1.0,34.0,18.0,1.0,2023,T20,2023_04_03,Chennai,Chennai Super Kings_v_Lucknow Super Giants,Lucknow Super Giants,0,0,0,0,0,0,0,11.333333333333334,0.0,0.0,25.0,25.0
2,N Pooran,6,32.0,2.0,3.0,1.0,18.0,,,,,2023,T20,2023_04_03,Chennai,Chennai Super Kings_v_Lucknow Super Giants,Lucknow Super Giants,4,0,0,0,0,0,0,,0.0,44.0,0.0,44.0
2,MP Stoinis,6,21.0,0.0,1.0,1.0,18.0,,,,,2023,T20,2023_04_03,Chennai,Chennai Super Kings_v_Lucknow Super Giants,Lucknow Super Giants,0,0,0,0,0,0,0,,0.0,23.0,0.0,23.0
2,K Gowtham,6,17.0,0.0,1.0,0.0,10.0,1.0,20.0,6.0,0.0,2023,T20,2023_04_03,Chennai,Chennai Super Kings_v_Lucknow Super Giants,Lucknow Super Giants,0,0,0,0,0,0,0,20.0,0.0,19.0,0.0,19.0
2,KR Mayers,6,53.0,8.0,2.0,1.0,20.0,1.0,15.0,12.0,0.0,2023,T20,2023_04_03,Chennai,Chennai Super Kings_v_Lucknow Super Giants,Lucknow Super Giants,4,8,0,0,0,0,0,7.5,0.0,77.0,0.0,77.0
2,KL Rahul,6,20.0,2.0,0.0,1.0,18.0,,,,,2023,T20,2023_04_03,Chennai,Chennai Super Kings_v_Lucknow Super Giants,Lucknow Super Giants,0,0,0,0,0,0,0,,0.0,22.0,0.0,22.0
2,KH Pandya,6,9.0,0.0,1.0,1.0,9.0,1.0,21.0,12.0,0.0,2023,T20,2023_04_03,Chennai,Chennai Super Kings_v_Lucknow Super Giants,Lucknow Super Giants,0,0,0,0,0,0,0,10.5,0.0,11.0,0.0,11.0
2,DJ Hooda,6,2.0,0.0,0.0,1.0,6.0,,,,,2023,T20,2023_04_03,Chennai,Chennai Super Kings_v_Lucknow Super Giants,Lucknow Super Giants,0,0,0,0,0,0,0,,0.0,2.0,0.0,2.0
2,A Badoni,6,23.0,0.0,0.0,1.0,18.0,,,,,2023,T20,2023_04_03,Chennai,Chennai Super Kings_v_Lucknow Super Giants,Lucknow Super Giants,0,0,0,0,0,0,0,,0.0,23.0,0.0,23.0
2,MA Wood,6,10.0,1.0,1.0,0.0,3.0,1.0,49.0,24.0,3.0,2023,T20,2023_04_03,Chennai,Chennai Super Kings_v_Lucknow Super Giants,Lucknow Super Giants,0,0,0,0,4,0,0,12.25,0.0,13.0,79.0,92.0
2,Yash Thakur,6,,,,,,1.0,35.0,24.0,0.0,2023,T20,2023_04_03,Chennai,Chennai Super Kings_v_Lucknow Super Giants,Lucknow Super Giants,0,0,0,0,0,0,0,8.75,0.0,0.0,0.0,0.0
1,A Nortje,7,4.0,1.0,0.0,0.0,2.0,2.0,37.0,24.0,2.0,2023,T20,2023_04_04,Delhi,Delhi Capitals_v_Gujarat Titans,Delhi Capitals,0,0,0,0,0,0,0,9.25,0.0,5.0,50.0,55.0
1,AR Patel,7,36.0,2.0,3.0,1.0,22.0,,,,,2023,T20,2023_04_04,Delhi,Delhi Capitals_v_Gujarat Titans,Delhi Capitals,4,0,0,0,0,0,0,,0.0,48.0,0.0,48.0
1,Abishek Porel,7,20.0,0.0,2.0,1.0,11.0,,,,,2023,T20,2023_04_04,Delhi,Delhi Capitals_v_Gujarat Titans,Delhi Capitals,0,0,0,0,0,0,0,,0.0,24.0,0.0,24.0
1,Aman Hakim Khan,7,8.0,0.0,1.0,1.0,8.0,,,,,2023,T20,2023_04_04,Delhi,Delhi Capitals_v_Gujarat Titans,Delhi Capitals,0,0,0,0,0,0,0,,0.0,10.0,0.0,10.0
1,DA Warner,7,37.0,7.0,0.0,1.0,32.0,,,,,2023,T20,2023_04_04,Delhi,Delhi Capitals_v_Gujarat Titans,Delhi Capitals,4,0,0,0,0,0,0,,0.0,48.0,0.0,48.0
1,Kuldeep Yadav,7,1.0,0.0,0.0,0.0,1.0,2.0,17.0,18.0,0.0,2023,T20,2023_04_04,Delhi,Delhi Capitals_v_Gujarat Titans,Delhi Capitals,0,0,0,0,0,0,0,5.666666666666667,0.6666666666666666,1.0,0.6666666666666666,1.6666666666666665
1,MR Marsh,7,4.0,1.0,0.0,1.0,4.0,2.0,23.0,19.0,1.0,2023,T20,2023_04_04,Delhi,Delhi Capitals_v_Gujarat Titans,Delhi Capitals,0,0,0,0,0,0,0,7.2631578947368425,0.0,5.0,25.0,30.0
1,PP Shaw,7,7.0,1.0,0.0,1.0,5.0,,,,,2023,T20,2023_04_04,Delhi,Delhi Capitals_v_Gujarat Titans,Delhi Capitals,0,0,0,0,0,0,0,,0.0,8.0,0.0,8.0
1,RR Rossouw,7,0.0,0.0,0.0,1.0,1.0,,,,,2023,T20,2023_04_04,Delhi,Delhi Capitals_v_Gujarat Titans,Delhi Capitals,0,0,0,-2,0,0,0,,0.0,-2.0,0.0,-2.0
1,SN Khan,7,30.0,2.0,0.0,1.0,34.0,,,,,2023,T20,2023_04_04,Delhi,Delhi Capitals_v_Gujarat Titans,Delhi Capitals,4,0,0,0,0,0,0,,0.0,36.0,0.0,36.0
1,Mukesh Kumar,7,,,,,,2.0,41.0,24.0,0.0,2023,T20,2023_04_04,Delhi,Delhi Capitals_v_Gujarat Titans,Delhi Capitals,0,0,0,0,0,0,0,10.25,0.0,0.0,0.0,0.0
1,KK Ahmed,7,,,,,,2.0,37.0,24.0,1.0,2023,T20,2023_04_04,Delhi,Delhi Capitals_v_Gujarat Titans,Delhi Capitals,0,0,0,0,0,0,0,9.25,0.0,0.0,25.0,25.0
2,Mohammed Shami,7,,,,,,1.0,31.0,24.0,3.0,2023,T20,2023_04_04,Delhi,Delhi Capitals_v_Gujarat Titans,Gujarat Titans,0,0,0,0,4,0,0,7.75,0.0,0.0,79.0,79.0
2,J Little,7,,,,,,1.0,27.0,24.0,0.0,2023,T20,2023_04_04,Delhi,Delhi Capitals_v_Gujarat Titans,Gujarat Titans,0,0,0,0,0,0,0,6.75,0.0,0.0,0.0,0.0
2,AS Joseph,7,,,,,,1.0,28.0,24.0,2.0,2023,T20,2023_04_04,Delhi,Delhi Capitals_v_Gujarat Titans,Gujarat Titans,0,0,0,0,0,0,0,7.0,0.0,0.0,50.0,50.0
2,DA Miller,7,31.0,2.0,2.0,0.0,16.0,,,,,2023,T20,2023_04_04,Delhi,Delhi Capitals_v_Gujarat Titans,Gujarat Titans,4,0,0,0,0,0,0,,0.0,41.0,0.0,41.0
2,V Shankar,7,29.0,3.0,0.0,1.0,23.0,,,,,2023,T20,2023_04_04,Delhi,Delhi Capitals_v_Gujarat Titans,Gujarat Titans,0,0,0,0,0,0,0,,0.0,32.0,0.0,32.0
2,Shubman Gill,7,14.0,3.0,0.0,1.0,12.0,,,,,2023,T20,2023_04_04,Delhi,Delhi Capitals_v_Gujarat Titans,Gujarat Titans,0,0,0,0,0,0,0,,0.0,17.0,0.0,17.0
2,HH Pandya,7,5.0,1.0,0.0,1.0,3.0,1.0,18.0,18.0,0.0,2023,T20,2023_04_04,Delhi,Delhi Capitals_v_Gujarat Titans,Gujarat Titans,0,0,0,0,0,0,0,6.0,0.0,6.0,0.0,6.0
2,Rashid Khan,7,,,,,,1.0,31.0,24.0,3.0,2023,T20,2023_04_04,Delhi,Delhi Capitals_v_Gujarat Titans,Gujarat Titans,0,0,0,0,4,0,0,7.75,0.0,0.0,79.0,79.0
2,B Sai Sudharsan,7,62.0,4.0,2.0,0.0,48.0,,,,,2023,T20,2023_04_04,Delhi,Delhi Capitals_v_Gujarat Titans,Gujarat Titans,4,8,0,0,0,0,0,,0.0,82.0,0.0,82.0
2,WP Saha,7,14.0,2.0,1.0,1.0,7.0,,,,,2023,T20,2023_04_04,Delhi,Delhi Capitals_v_Gujarat Titans,Gujarat Titans,0,0,0,0,0,0,0,,0.0,18.0,0.0,18.0
2,Yash Dayal,7,,,,,,1.0,12.0,6.0,0.0,2023,T20,2023_04_04,Delhi,Delhi Capitals_v_Gujarat Titans,Gujarat Titans,0,0,0,0,0,0,0,12.0,0.0,0.0,0.0,0.0
1,JM Sharma,8,27.0,2.0,1.0,1.0,16.0,,,,,2023,T20,2023_04_05,Guwahati,Punjab Kings_v_Rajasthan Royals,Punjab Kings,0,0,0,0,0,0,0,,0.0,31.0,0.0,31.0
1,M Shahrukh Khan,8,11.0,1.0,0.0,1.0,9.0,,,,,2023,T20,2023_04_05,Guwahati,Punjab Kings_v_Rajasthan Royals,Punjab Kings,0,0,0,0,0,0,0,,0.0,12.0,0.0,12.0
1,P Simran Singh,8,60.0,7.0,3.0,1.0,34.0,,,,,2023,T20,2023_04_05,Guwahati,Punjab Kings_v_Rajasthan Royals,Punjab Kings,4,8,0,0,0,0,0,,0.0,85.0,0.0,85.0
1,PBB Rajapaksa,8,1.0,0.0,0.0,0.0,1.0,,,,,2023,T20,2023_04_05,Guwahati,Punjab Kings_v_Rajasthan Royals,Punjab Kings,0,0,0,0,0,0,0,,0.0,1.0,0.0,1.0
1,S Dhawan,8,86.0,9.0,3.0,1.0,56.0,,,,,2023,T20,2023_04_05,Guwahati,Punjab Kings_v_Rajasthan Royals,Punjab Kings,4,8,0,0,0,0,0,,0.0,113.0,0.0,113.0
1,SM Curran,8,1.0,0.0,0.0,0.0,2.0,2.0,44.0,24.0,1.0,2023,T20,2023_04_05,Guwahati,Punjab Kings_v_Rajasthan Royals,Punjab Kings,0,0,0,0,0,0,0,11.0,0.0,1.0,25.0,26.0
1,Sikandar Raza,8,1.0,0.0,0.0,1.0,2.0,2.0,18.0,12.0,0.0,2023,T20,2023_04_05,Guwahati,Punjab Kings_v_Rajasthan Royals,Punjab Kings,0,0,0,0,0,0,0,9.0,0.0,1.0,0.0,1.0
1,RD Chahar,8,,,,,,2.0,31.0,24.0,0.0,2023,T20,2023_04_05,Guwahati,Punjab Kings_v_Rajasthan Royals,Punjab Kings,0,0,0,0,0,0,0,7.75,0.0,0.0,0.0,0.0
1,NT Ellis,8,,,,,,2.0,30.0,24.0,4.0,2023,T20,2023_04_05,Guwahati,Punjab Kings_v_Rajasthan Royals,Punjab Kings,0,0,0,0,4,8,0,7.5,0.0,0.0,112.0,112.0
1,Harpreet Brar,8,,,,,,2.0,15.0,12.0,0.0,2023,T20,2023_04_05,Guwahati,Punjab Kings_v_Rajasthan Royals,Punjab Kings,0,0,0,0,0,0,0,7.5,0.0,0.0,0.0,0.0
1,Arshdeep Singh,8,,,,,,2.0,44.0,24.0,2.0,2023,T20,2023_04_05,Guwahati,Punjab Kings_v_Rajasthan Royals,Punjab Kings,0,0,0,0,0,0,0,11.0,0.0,0.0,50.0,50.0
2,KM Asif,8,,,,,,1.0,49.0,24.0,0.0,2023,T20,2023_04_05,Guwahati,Punjab Kings_v_Rajasthan Royals,Rajasthan Royals,0,0,0,0,0,0,0,12.25,0.0,0.0,0.0,0.0
2,YBK Jaiswal,8,11.0,1.0,1.0,1.0,8.0,,,,,2023,T20,2023_04_05,Guwahati,Punjab Kings_v_Rajasthan Royals,Rajasthan Royals,0,0,0,0,0,0,0,,0.0,14.0,0.0,14.0
2,SV Samson,8,42.0,5.0,1.0,1.0,25.0,,,,,2023,T20,2023_04_05,Guwahati,Punjab Kings_v_Rajasthan Royals,Rajasthan Royals,4,0,0,0,0,0,0,,0.0,53.0,0.0,53.0
2,R Ashwin,8,0.0,0.0,0.0,1.0,4.0,1.0,24.0,24.0,2.0,2023,T20,2023_04_05,Guwahati,Punjab Kings_v_Rajasthan Royals,Rajasthan Royals,0,0,0,-2,0,0,0,6.0,0.0,-2.0,50.0,48.0
2,R Parag,8,20.0,1.0,2.0,1.0,12.0,,,,,2023,T20,2023_04_05,Guwahati,Punjab Kings_v_Rajasthan Royals,Rajasthan Royals,0,0,0,0,0,0,0,,0.0,25.0,0.0,25.0
2,TA Boult,8,,,,,,1.0,36.0,24.0,0.0,2023,T20,2023_04_05,Guwahati,Punjab Kings_v_Rajasthan Royals,Rajasthan Royals,0,0,0,0,0,0,0,9.0,0.0,0.0,0.0,0.0
2,JO Holder,8,1.0,0.0,0.0,0.0,1.0,1.0,29.0,24.0,2.0,2023,T20,2023_04_05,Guwahati,Punjab Kings_v_Rajasthan Royals,Rajasthan Royals,0,0,0,0,0,0,0,7.25,0.0,1.0,50.0,51.0
2,JC Buttler,8,19.0,1.0,1.0,1.0,11.0,,,,,2023,T20,2023_04_05,Guwahati,Punjab Kings_v_Rajasthan Royals,Rajasthan Royals,0,0,0,0,0,0,0,,0.0,22.0,0.0,22.0
2,Dhruv Jurel,8,32.0,3.0,2.0,0.0,15.0,,,,,2023,T20,2023_04_05,Guwahati,Punjab Kings_v_Rajasthan Royals,Rajasthan Royals,4,0,0,0,0,0,0,,0.0,43.0,0.0,43.0
2,D Padikkal,8,21.0,1.0,0.0,1.0,26.0,,,,,2023,T20,2023_04_05,Guwahati,Punjab Kings_v_Rajasthan Royals,Rajasthan Royals,0,0,0,0,0,0,0,,0.0,22.0,0.0,22.0
2,SO Hetmyer,8,36.0,1.0,3.0,1.0,18.0,,,,,2023,T20,2023_04_05,Guwahati,Punjab Kings_v_Rajasthan Royals,Rajasthan Royals,4,0,0,0,0,0,0,,0.0,47.0,0.0,47.0
2,YS Chahal,8,,,,,,1.0,49.0,24.0,1.0,2023,T20,2023_04_05,Guwahati,Punjab Kings_v_Rajasthan Royals,Rajasthan Royals,0,0,0,0,0,0,0,12.25,0.0,0.0,25.0,25.0
1,AD Russell,9,0.0,0.0,0.0,1.0,1.0,,,,,2023,T20,2023_04_06,Kolkata,Kolkata Knight Riders_v_Royal Challengers Bangalore,Kolkata Knight Riders,0,0,0,-2,0,0,0,,0.0,-2.0,0.0,-2.0
1,CV Varun,9,,,,,,2.0,15.0,22.0,4.0,2023,T20,2023_04_06,Kolkata,Kolkata Knight Riders_v_Royal Challengers Bangalore,Kolkata Knight Riders,0,0,0,0,4,8,0,4.090909090909091,0.0,0.0,112.0,112.0
1,Suyash Sharma,9,,,,,,2.0,29.0,24.0,3.0,2023,T20,2023_04_06,Kolkata,Kolkata Knight Riders_v_Royal Challengers Bangalore,Kolkata Knight Riders,0,0,0,0,4,0,0,7.25,0.0,0.0,79.0,79.0
1,VR Iyer,9,3.0,0.0,0.0,1.0,7.0,,,,,2023,T20,2023_04_06,Kolkata,Kolkata Knight Riders_v_Royal Challengers Bangalore,Kolkata Knight Riders,0,0,0,0,0,0,0,,0.0,3.0,0.0,3.0
1,UT Yadav,9,6.0,1.0,0.0,0.0,2.0,2.0,17.0,12.0,0.0,2023,T20,2023_04_06,Kolkata,Kolkata Knight Riders_v_Royal Challengers Bangalore,Kolkata Knight Riders,0,0,0,0,0,0,0,8.5,0.0,7.0,0.0,7.0
1,SP Narine,9,0.0,0.0,0.0,0.0,1.0,2.0,16.0,24.0,2.0,2023,T20,2023_04_06,Kolkata,Kolkata Knight Riders_v_Royal Challengers Bangalore,Kolkata Knight Riders,0,0,0,-2,0,0,0,4.0,0.0,-2.0,50.0,48.0
1,TG Southee,9,,,,,,2.0,25.0,12.0,0.0,2023,T20,2023_04_06,Kolkata,Kolkata Knight Riders_v_Royal Challengers Bangalore,Kolkata Knight Riders,0,0,0,0,0,0,0,12.5,0.0,0.0,0.0,0.0
1,Rahmanullah Gurbaz,9,57.0,6.0,3.0,1.0,43.0,,,,,2023,T20,2023_04_06,Kolkata,Kolkata Knight Riders_v_Royal Challengers Bangalore,Kolkata Knight Riders,4,8,0,0,0,0,0,,0.0,81.0,0.0,81.0
1,RK Singh,9,46.0,2.0,3.0,1.0,31.0,,,,,2023,T20,2023_04_06,Kolkata,Kolkata Knight Riders_v_Royal Challengers Bangalore,Kolkata Knight Riders,4,0,0,0,0,0,0,,0.0,58.0,0.0,58.0
1,Mandeep Singh,9,0.0,0.0,0.0,1.0,1.0,,,,,2023,T20,2023_04_06,Kolkata,Kolkata Knight Riders_v_Royal Challengers Bangalore,Kolkata Knight Riders,0,0,0,-2,0,0,0,,0.0,-2.0,0.0,-2.0
1,N Rana,9,1.0,0.0,0.0,1.0,5.0,,,,,2023,T20,2023_04_06,Kolkata,Kolkata Knight Riders_v_Royal Challengers Bangalore,Kolkata Knight Riders,0,0,0,0,0,0,0,,0.0,1.0,0.0,1.0
1,SN Thakur,9,68.0,9.0,3.0,1.0,29.0,2.0,15.0,12.0,1.0,2023,T20,2023_04_06,Kolkata,Kolkata Knight Riders_v_Royal Challengers Bangalore,Kolkata Knight Riders,4,8,0,0,0,0,0,7.5,0.0,95.0,25.0,120.0
2,Mohammed Siraj,9,,,,,,1.0,36.0,24.0,1.0,2023,T20,2023_04_06,Kolkata,Kolkata Knight Riders_v_Royal Challengers Bangalore,Royal Challengers Bangalore,0,0,0,0,0,0,0,9.0,0.0,0.0,25.0,25.0
2,V Kohli,9,21.0,3.0,0.0,1.0,18.0,,,,,2023,T20,2023_04_06,Kolkata,Kolkata Knight Riders_v_Royal Challengers Bangalore,Royal Challengers Bangalore,0,0,0,0,0,0,0,,0.0,24.0,0.0,24.0
2,Shahbaz Ahmed,9,1.0,0.0,0.0,1.0,5.0,1.0,6.0,6.0,0.0,2023,T20,2023_04_06,Kolkata,Kolkata Knight Riders_v_Royal Challengers Bangalore,Royal Challengers Bangalore,0,0,0,0,0,0,0,6.0,0.0,1.0,0.0,1.0
2,MG Bracewell,9,19.0,1.0,1.0,1.0,18.0,1.0,34.0,18.0,1.0,2023,T20,2023_04_06,Kolkata,Kolkata Knight Riders_v_Royal Challengers Bangalore,Royal Challengers Bangalore,0,0,0,0,0,0,0,11.333333333333334,0.0,22.0,25.0,47.0
2,KD Karthik,9,9.0,1.0,0.0,1.0,8.0,,,,,2023,T20,2023_04_06,Kolkata,Kolkata Knight Riders_v_Royal Challengers Bangalore,Royal Challengers Bangalore,0,0,0,0,0,0,0,,0.0,10.0,0.0,10.0
2,HV Patel,9,0.0,0.0,0.0,1.0,2.0,1.0,37.0,18.0,1.0,2023,T20,2023_04_06,Kolkata,Kolkata Knight Riders_v_Royal Challengers Bangalore,Royal Challengers Bangalore,0,0,0,-2,0,0,0,12.333333333333334,0.0,-2.0,25.0,23.0
2,GJ Maxwell,9,5.0,1.0,0.0,1.0,7.0,,,,,2023,T20,2023_04_06,Kolkata,Kolkata Knight Riders_v_Royal Challengers Bangalore,Royal Challengers Bangalore,0,0,0,0,0,0,0,,0.0,6.0,0.0,6.0
2,F du Plessis,9,23.0,2.0,2.0,1.0,12.0,,,,,2023,T20,2023_04_06,Kolkata,Kolkata Knight Riders_v_Royal Challengers Bangalore,Royal Challengers Bangalore,0,0,0,0,0,0,0,,0.0,29.0,0.0,29.0
2,Anuj Rawat,9,1.0,0.0,0.0,1.0,5.0,,,,,2023,T20,2023_04_06,Kolkata,Kolkata Knight Riders_v_Royal Challengers Bangalore,Royal Challengers Bangalore,0,0,0,0,0,0,0,,0.0,1.0,0.0,1.0
2,Akash Deep,9,17.0,2.0,1.0,1.0,8.0,1.0,27.0,12.0,0.0,2023,T20,2023_04_06,Kolkata,Kolkata Knight Riders_v_Royal Challengers Bangalore,Royal Challengers Bangalore,0,0,0,0,0,0,0,13.5,0.0,21.0,0.0,21.0
2,KV Sharma,9,1.0,0.0,0.0,1.0,3.0,1.0,26.0,18.0,2.0,2023,T20,2023_04_06,Kolkata,Kolkata Knight Riders_v_Royal Challengers Bangalore,Royal Challengers Bangalore,0,0,0,0,0,0,0,8.666666666666666,0.0,1.0,50.0,51.0
2,DJ Willey,9,20.0,2.0,0.0,0.0,20.0,1.0,15.0,24.0,2.0,2023,T20,2023_04_06,Kolkata,Kolkata Knight Riders_v_Royal Challengers Bangalore,Royal Challengers Bangalore,0,0,0,0,0,0,0,3.75,0.0,22.0,50.0,72.0
1,HC Brook,10,3.0,0.0,0.0,1.0,4.0,,,,,2023,T20,2023_04_07,Lucknow,Sunrisers Hyderabad_v_Lucknow Super Giants,Sunrisers Hyderabad,0,0,0,0,0,0,0,,0.0,3.0,0.0,3.0
1,T Natarajan,10,,,,,,2.0,22.0,18.0,0.0,2023,T20,2023_04_07,Lucknow,Sunrisers Hyderabad_v_Lucknow Super Giants,Sunrisers Hyderabad,0,0,0,0,0,0,0,7.333333333333333,0.0,0.0,0.0,0.0
1,Fazalhaq Farooqi,10,,,,,,2.0,12.0,18.0,1.0,2023,T20,2023_04_07,Lucknow,Sunrisers Hyderabad_v_Lucknow Super Giants,Sunrisers Hyderabad,0,0,0,0,0,0,0,4.0,0.0,0.0,25.0,25.0
1,B Kumar,10,,,,,,2.0,14.0,12.0,1.0,2023,T20,2023_04_07,Lucknow,Sunrisers Hyderabad_v_Lucknow Super Giants,Sunrisers Hyderabad,0,0,0,0,0,0,0,7.0,0.0,0.0,25.0,25.0
1,AK Markram,10,0.0,0.0,0.0,1.0,1.0,2.0,14.0,12.0,0.0,2023,T20,2023_04_07,Lucknow,Sunrisers Hyderabad_v_Lucknow Super Giants,Sunrisers Hyderabad,0,0,0,-2,0,0,0,7.0,0.0,-2.0,0.0,-2.0
1,AU Rashid,10,4.0,1.0,0.0,1.0,3.0,2.0,23.0,18.0,2.0,2023,T20,2023_04_07,Lucknow,Sunrisers Hyderabad_v_Lucknow Super Giants,Sunrisers Hyderabad,0,0,0,0,0,0,0,7.666666666666667,0.0,5.0,50.0,55.0
1,Abdul Samad,10,21.0,1.0,2.0,1.0,10.0,,,,,2023,T20,2023_04_07,Lucknow,Sunrisers Hyderabad_v_Lucknow Super Giants,Sunrisers Hyderabad,0,0,0,0,0,0,0,,0.0,26.0,0.0,26.0
1,Anmolpreet Singh,10,31.0,3.0,1.0,1.0,26.0,,,,,2023,T20,2023_04_07,Lucknow,Sunrisers Hyderabad_v_Lucknow Super Giants,Sunrisers Hyderabad,4,0,0,0,0,0,0,,0.0,40.0,0.0,40.0
1,Umran Malik,10,,,,,,2.0,14.0,12.0,1.0,2023,T20,2023_04_07,Lucknow,Sunrisers Hyderabad_v_Lucknow Super Giants,Sunrisers Hyderabad,0,0,0,0,0,0,0,7.0,0.0,0.0,25.0,25.0
1,MA Agarwal,10,8.0,1.0,0.0,1.0,7.0,,,,,2023,T20,2023_04_07,Lucknow,Sunrisers Hyderabad_v_Lucknow Super Giants,Sunrisers Hyderabad,0,0,0,0,0,0,0,,0.0,9.0,0.0,9.0
1,RA Tripathi,10,34.0,4.0,0.0,1.0,41.0,,,,,2023,T20,2023_04_07,Lucknow,Sunrisers Hyderabad_v_Lucknow Super Giants,Sunrisers Hyderabad,4,0,0,0,0,0,0,,0.0,42.0,0.0,42.0
1,Washington Sundar,10,16.0,0.0,0.0,1.0,28.0,2.0,11.0,6.0,0.0,2023,T20,2023_04_07,Lucknow,Sunrisers Hyderabad_v_Lucknow Super Giants,Sunrisers Hyderabad,0,0,0,0,0,0,0,11.0,0.0,16.0,0.0,16.0
2,Ravi Bishnoi,10,,,,,,1.0,15.0,24.0,1.0,2023,T20,2023_04_07,Lucknow,Sunrisers Hyderabad_v_Lucknow Super Giants,Lucknow Super Giants,0,0,0,0,0,0,0,3.75,0.0,0.0,25.0,25.0
2,JD Unadkat,10,,,,,,1.0,25.0,18.0,1.0,2023,T20,2023_04_07,Lucknow,Sunrisers Hyderabad_v_Lucknow Super Giants,Lucknow Super Giants,0,0,0,0,0,0,0,8.333333333333334,0.0,0.0,25.0,25.0
2,A Mishra,10,,,,,,1.0,23.0,24.0,2.0,2023,T20,2023_04_07,Lucknow,Sunrisers Hyderabad_v_Lucknow Super Giants,Lucknow Super Giants,0,0,0,0,0,0,0,5.75,0.5,0.0,50.5,50.5
2,DJ Hooda,10,7.0,0.0,1.0,1.0,8.0,1.0,8.0,6.0,0.0,2023,T20,2023_04_07,Lucknow,Sunrisers Hyderabad_v_Lucknow Super Giants,Lucknow Super Giants,0,0,0,0,0,0,0,8.0,0.0,9.0,0.0,9.0
2,N Pooran,10,11.0,1.0,1.0,0.0,6.0,,,,,2023,T20,2023_04_07,Lucknow,Sunrisers Hyderabad_v_Lucknow Super Giants,Lucknow Super Giants,0,0,0,0,0,0,0,,0.0,14.0,0.0,14.0
2,MP Stoinis,10,10.0,2.0,0.0,0.0,13.0,,,,,2023,T20,2023_04_07,Lucknow,Sunrisers Hyderabad_v_Lucknow Super Giants,Lucknow Super Giants,0,0,0,0,0,0,0,,0.0,12.0,0.0,12.0
2,KR Mayers,10,13.0,2.0,0.0,1.0,14.0,1.0,5.0,6.0,0.0,2023,T20,2023_04_07,Lucknow,Sunrisers Hyderabad_v_Lucknow Super Giants,Lucknow Super Giants,0,0,0,0,0,0,0,5.0,2.0,15.0,2.0,17.0
2,KL Rahul,10,35.0,4.0,0.0,1.0,31.0,,,,,2023,T20,2023_04_07,Lucknow,Sunrisers Hyderabad_v_Lucknow Super Giants,Lucknow Super Giants,4,0,0,0,0,0,0,,0.0,43.0,0.0,43.0
2,KH Pandya,10,34.0,4.0,1.0,1.0,23.0,1.0,18.0,24.0,3.0,2023,T20,2023_04_07,Lucknow,Sunrisers Hyderabad_v_Lucknow Super Giants,Lucknow Super Giants,4,0,0,0,4,0,0,4.5,0.0,44.0,79.0,123.0
2,R Shepherd,10,0.0,0.0,0.0,1.0,1.0,,,,,2023,T20,2023_04_07,Lucknow,Sunrisers Hyderabad_v_Lucknow Super Giants,Lucknow Super Giants,0,0,0,-2,0,0,0,,0.0,-2.0,0.0,-2.0
2,Yash Thakur,10,,,,,,1.0,23.0,18.0,1.0,2023,T20,2023_04_07,Lucknow,Sunrisers Hyderabad_v_Lucknow Super Giants,Lucknow Super Giants,0,0,0,0,0,0,0,7.666666666666667,0.0,0.0,25.0,25.0
1,Dhruv Jurel,11,8.0,0.0,1.0,0.0,3.0,,,,,2023,T20,2023_04_08,Guwahati,Rajasthan Royals_v_Delhi Capitals,Rajasthan Royals,0,0,0,0,0,0,0,,0.0,10.0,0.0,10.0
1,Sandeep Sharma,11,,,,,,2.0,19.0,24.0,1.0,2023,T20,2023_04_08,Guwahati,Rajasthan Royals_v_Delhi Capitals,Rajasthan Royals,0,0,0,0,0,0,0,4.75,0.0,0.0,25.0,25.0
1,R Ashwin,11,,,,,,2.0,22.0,24.0,2.0,2023,T20,2023_04_08,Guwahati,Rajasthan Royals_v_Delhi Capitals,Rajasthan Royals,0,0,0,0,0,0,0,5.5,0.5,0.0,50.5,50.5
1,M Ashwin,11,,,,,,2.0,10.0,6.0,0.0,2023,T20,2023_04_08,Guwahati,Rajasthan Royals_v_Delhi Capitals,Rajasthan Royals,0,0,0,0,0,0,0,10.0,0.0,0.0,0.0,0.0
1,JO Holder,11,,,,,,2.0,27.0,18.0,0.0,2023,T20,2023_04_08,Guwahati,Rajasthan Royals_v_Delhi Capitals,Rajasthan Royals,0,0,0,0,0,0,0,9.0,0.0,0.0,0.0,0.0
1,YBK Jaiswal,11,60.0,11.0,1.0,1.0,31.0,,,,,2023,T20,2023_04_08,Guwahati,Rajasthan Royals_v_Delhi Capitals,Rajasthan Royals,4,8,0,0,0,0,0,,0.0,85.0,0.0,85.0
1,SV Samson,11,0.0,0.0,0.0,1.0,4.0,,,,,2023,T20,2023_04_08,Guwahati,Rajasthan Royals_v_Delhi Capitals,Rajasthan Royals,0,0,0,-2,0,0,0,,0.0,-2.0,0.0,-2.0
1,SO Hetmyer,11,39.0,1.0,4.0,0.0,20.0,,,,,2023,T20,2023_04_08,Guwahati,Rajasthan Royals_v_Delhi Capitals,Rajasthan Royals,4,0,0,0,0,0,0,,0.0,52.0,0.0,52.0
1,R Parag,11,7.0,0.0,0.0,1.0,11.0,,,,,2023,T20,2023_04_08,Guwahati,Rajasthan Royals_v_Delhi Capitals,Rajasthan Royals,0,0,0,0,0,0,0,,0.0,7.0,0.0,7.0
1,JC Buttler,11,79.0,11.0,1.0,1.0,51.0,,,,,2023,T20,2023_04_08,Guwahati,Rajasthan Royals_v_Delhi Capitals,Rajasthan Royals,4,8,0,0,0,0,0,,0.0,104.0,0.0,104.0
1,TA Boult,11,,,,,,2.0,29.0,24.0,3.0,2023,T20,2023_04_08,Guwahati,Rajasthan Royals_v_Delhi Capitals,Rajasthan Royals,0,0,0,0,4,0,0,7.25,0.0,0.0,79.0,79.0
1,YS Chahal,11,,,,,,2.0,25.0,24.0,3.0,2023,T20,2023_04_08,Guwahati,Rajasthan Royals_v_Delhi Capitals,Rajasthan Royals,0,0,0,0,4,0,0,6.25,0.0,0.0,79.0,79.0
2,R Powell,11,2.0,0.0,0.0,1.0,2.0,1.0,16.0,12.0,1.0,2023,T20,2023_04_08,Guwahati,Rajasthan Royals_v_Delhi Capitals,Delhi Capitals,0,0,0,0,0,0,0,8.0,0.0,2.0,25.0,27.0
2,PP Shaw,11,0.0,0.0,0.0,1.0,3.0,,,,,2023,T20,2023_04_08,Guwahati,Rajasthan Royals_v_Delhi Capitals,Delhi Capitals,0,0,0,-2,0,0,0,,0.0,-2.0,0.0,-2.0
2,Mukesh Kumar,11,1.0,0.0,0.0,0.0,1.0,1.0,36.0,24.0,2.0,2023,T20,2023_04_08,Guwahati,Rajasthan Royals_v_Delhi Capitals,Delhi Capitals,0,0,0,0,0,0,0,9.0,0.0,1.0,50.0,51.0
2,MK Pandey,11,0.0,0.0,0.0,1.0,1.0,,,,,2023,T20,2023_04_08,Guwahati,Rajasthan Royals_v_Delhi Capitals,Delhi Capitals,0,0,0,-2,0,0,0,,0.0,-2.0,0.0,-2.0
2,Lalit Yadav,11,38.0,5.0,0.0,1.0,24.0,,,,,2023,T20,2023_04_08,Guwahati,Rajasthan Royals_v_Delhi Capitals,Delhi Capitals,4,0,0,0,0,0,0,,0.0,47.0,0.0,47.0
2,Kuldeep Yadav,11,3.0,0.0,0.0,0.0,7.0,1.0,31.0,24.0,1.0,2023,T20,2023_04_08,Guwahati,Rajasthan Royals_v_Delhi Capitals,Delhi Capitals,0,0,0,0,0,0,0,7.75,0.0,3.0,25.0,28.0
2,KK Ahmed,11,,,,,,1.0,28.0,12.0,0.0,2023,T20,2023_04_08,Guwahati,Rajasthan Royals_v_Delhi Capitals,Delhi Capitals,0,0,0,0,0,0,0,14.0,0.0,0.0,0.0,0.0
2,DA Warner,11,65.0,7.0,0.0,1.0,54.0,,,,,2023,T20,2023_04_08,Guwahati,Rajasthan Royals_v_Delhi Capitals,Delhi Capitals,4,8,0,0,0,0,0,,0.0,84.0,0.0,84.0
2,Abishek Porel,11,7.0,1.0,0.0,1.0,9.0,,,,,2023,T20,2023_04_08,Guwahati,Rajasthan Royals_v_Delhi Capitals,Delhi Capitals,0,0,0,0,0,0,0,,0.0,8.0,0.0,8.0
2,AR Patel,11,2.0,0.0,0.0,1.0,6.0,1.0,38.0,24.0,0.0,2023,T20,2023_04_08,Guwahati,Rajasthan Royals_v_Delhi Capitals,Delhi Capitals,0,0,0,0,0,0,0,9.5,0.0,2.0,0.0,2.0
2,RR Rossouw,11,14.0,2.0,0.0,1.0,12.0,,,,,2023,T20,2023_04_08,Guwahati,Rajasthan Royals_v_Delhi Capitals,Delhi Capitals,0,0,0,0,0,0,0,,0.0,16.0,0.0,16.0
2,A Nortje,11,0.0,0.0,0.0,1.0,1.0,1.0,44.0,24.0,0.0,2023,T20,2023_04_08,Guwahati,Rajasthan Royals_v_Delhi Capitals,Delhi Capitals,0,0,0,-2,0,0,0,11.0,0.0,-2.0,0.0,-2.0
1,SA Yadav,12,1.0,0.0,0.0,1.0,2.0,,,,,2023,T20,2023_04_08,Mumbai,Mumbai Indians_v_Chennai Super Kings,Mumbai Indians,0,0,0,0,0,0,0,,0.0,1.0,0.0,1.0
1,K Kartikeya,12,,,,,,2.0,24.0,24.0,1.0,2023,T20,2023_04_08,Mumbai,Mumbai Indians_v_Chennai Super Kings,Mumbai Indians,0,0,0,0,0,0,0,6.0,0.0,0.0,25.0,25.0
1,JP Behrendorff,12,,,,,,2.0,23.0,18.0,1.0,2023,T20,2023_04_08,Mumbai,Mumbai Indians_v_Chennai Super Kings,Mumbai Indians,0,0,0,0,0,0,0,7.666666666666667,0.0,0.0,25.0,25.0
1,Arshad Khan,12,2.0,0.0,0.0,1.0,4.0,2.0,31.0,13.0,0.0,2023,T20,2023_04_08,Mumbai,Mumbai Indians_v_Chennai Super Kings,Mumbai Indians,0,0,0,0,0,0,0,14.307692307692308,0.0,2.0,0.0,2.0
1,C Green,12,12.0,1.0,0.0,1.0,11.0,2.0,19.0,18.0,0.0,2023,T20,2023_04_08,Mumbai,Mumbai Indians_v_Chennai Super Kings,Mumbai Indians,0,0,0,0,0,0,0,6.333333333333333,0.0,13.0,0.0,13.0
1,HR Shokeen,12,18.0,3.0,0.0,0.0,13.0,2.0,19.0,12.0,0.0,2023,T20,2023_04_08,Mumbai,Mumbai Indians_v_Chennai Super Kings,Mumbai Indians,0,0,0,0,0,0,0,9.5,0.0,21.0,0.0,21.0
1,Ishan Kishan,12,32.0,5.0,0.0,1.0,21.0,,,,,2023,T20,2023_04_08,Mumbai,Mumbai Indians_v_Chennai Super Kings,Mumbai Indians,4,0,0,0,0,0,0,,0.0,41.0,0.0,41.0
1,PP Chawla,12,5.0,0.0,0.0,0.0,6.0,2.0,33.0,24.0,1.0,2023,T20,2023_04_08,Mumbai,Mumbai Indians_v_Chennai Super Kings,Mumbai Indians,0,0,0,0,0,0,0,8.25,0.0,5.0,25.0,30.0
1,RG Sharma,12,21.0,3.0,1.0,1.0,13.0,,,,,2023,T20,2023_04_08,Mumbai,Mumbai Indians_v_Chennai Super Kings,Mumbai Indians,0,0,0,0,0,0,0,,0.0,26.0,0.0,26.0
1,T Stubbs,12,5.0,0.0,0.0,1.0,10.0,,,,,2023,T20,2023_04_08,Mumbai,Mumbai Indians_v_Chennai Super Kings,Mumbai Indians,0,0,0,0,0,0,0,,0.0,5.0,0.0,5.0
1,TH David,12,31.0,1.0,2.0,1.0,22.0,,,,,2023,T20,2023_04_08,Mumbai,Mumbai Indians_v_Chennai Super Kings,Mumbai Indians,4,0,0,0,0,0,0,,0.0,40.0,0.0,40.0
1,Tilak Varma,12,22.0,2.0,1.0,1.0,18.0,,,,,2023,T20,2023_04_08,Mumbai,Mumbai Indians_v_Chennai Super Kings,Mumbai Indians,0,0,0,0,0,0,0,,0.0,26.0,0.0,26.0
2,RA Jadeja,12,,,,,,1.0,20.0,24.0,3.0,2023,T20,2023_04_08,Mumbai,Mumbai Indians_v_Chennai Super Kings,Chennai Super Kings,0,0,0,0,4,0,0,5.0,0.5,0.0,79.5,79.5
2,MJ Santner,12,,,,,,1.0,28.0,24.0,2.0,2023,T20,2023_04_08,Mumbai,Mumbai Indians_v_Chennai Super Kings,Chennai Super Kings,0,0,0,0,0,0,0,7.0,0.0,0.0,50.0,50.0
2,DL Chahar,12,,,,,,1.0,10.0,6.0,0.0,2023,T20,2023_04_08,Mumbai,Mumbai Indians_v_Chennai Super Kings,Chennai Super Kings,0,0,0,0,0,0,0,10.0,0.0,0.0,0.0,0.0
2,AM Rahane,12,61.0,7.0,3.0,1.0,27.0,,,,,2023,T20,2023_04_08,Mumbai,Mumbai Indians_v_Chennai Super Kings,Chennai Super Kings,4,8,0,0,0,0,0,,0.0,86.0,0.0,86.0
2,SSB Magala,12,,,,,,1.0,37.0,24.0,1.0,2023,T20,2023_04_08,Mumbai,Mumbai Indians_v_Chennai Super Kings,Chennai Super Kings,0,0,0,0,0,0,0,9.25,0.0,0.0,25.0,25.0
2,S Dube,12,28.0,2.0,1.0,1.0,26.0,,,,,2023,T20,2023_04_08,Mumbai,Mumbai Indians_v_Chennai Super Kings,Chennai Super Kings,0,0,0,0,0,0,0,,0.0,32.0,0.0,32.0
2,RD Gaikwad,12,40.0,2.0,1.0,0.0,36.0,,,,,2023,T20,2023_04_08,Mumbai,Mumbai Indians_v_Chennai Super Kings,Chennai Super Kings,4,0,0,0,0,0,0,,0.0,48.0,0.0,48.0
2,DP Conway,12,0.0,0.0,0.0,1.0,4.0,,,,,2023,T20,2023_04_08,Mumbai,Mumbai Indians_v_Chennai Super Kings,Chennai Super Kings,0,0,0,-2,0,0,0,,0.0,-2.0,0.0,-2.0
2,AT Rayudu,12,20.0,3.0,0.0,0.0,16.0,,,,,2023,T20,2023_04_08,Mumbai,Mumbai Indians_v_Chennai Super Kings,Chennai Super Kings,0,0,0,0,0,0,0,,0.0,23.0,0.0,23.0
2,D Pretorius,12,,,,,,1.0,24.0,24.0,0.0,2023,T20,2023_04_08,Mumbai,Mumbai Indians_v_Chennai Super Kings,Chennai Super Kings,0,0,0,0,0,0,0,6.0,0.0,0.0,0.0,0.0
2,TU Deshpande,12,,,,,,1.0,30.0,18.0,2.0,2023,T20,2023_04_08,Mumbai,Mumbai Indians_v_Chennai Super Kings,Chennai Super Kings,0,0,0,0,0,0,0,10.0,0.0,0.0,50.0,50.0
1,A Manohar,13,14.0,3.0,0.0,1.0,8.0,,,,,2023,T20,2023_04_09,Ahmedabad,Gujarat Titans_v_Kolkata Knight Riders,Gujarat Titans,0,0,0,0,0,0,0,,0.0,17.0,0.0,17.0
1,Rashid Khan,13,,,,,,2.0,37.0,24.0,3.0,2023,T20,2023_04_09,Ahmedabad,Gujarat Titans_v_Kolkata Knight Riders,Gujarat Titans,0,0,0,0,4,0,0,9.25,0.0,0.0,79.0,79.0
1,Mohammed Shami,13,,,,,,2.0,28.0,24.0,1.0,2023,T20,2023_04_09,Ahmedabad,Gujarat Titans_v_Kolkata Knight Riders,Gujarat Titans,0,0,0,0,0,0,0,7.0,0.0,0.0,25.0,25.0
1,J Little,13,,,,,,2.0,42.0,24.0,1.0,2023,T20,2023_04_09,Ahmedabad,Gujarat Titans_v_Kolkata Knight Riders,Gujarat Titans,0,0,0,0,0,0,0,10.5,0.0,0.0,25.0,25.0
1,AS Joseph,13,,,,,,2.0,27.0,24.0,2.0,2023,T20,2023_04_09,Ahmedabad,Gujarat Titans_v_Kolkata Knight Riders,Gujarat Titans,0,0,0,0,0,0,0,6.75,0.0,0.0,50.0,50.0
1,Yash Dayal,13,,,,,,2.0,69.0,24.0,0.0,2023,T20,2023_04_09,Ahmedabad,Gujarat Titans_v_Kolkata Knight Riders,Gujarat Titans,0,0,0,0,0,0,0,17.25,0.0,0.0,0.0,0.0
1,B Sai Sudharsan,13,53.0,3.0,2.0,1.0,38.0,,,,,2023,T20,2023_04_09,Ahmedabad,Gujarat Titans_v_Kolkata Knight Riders,Gujarat Titans,4,8,0,0,0,0,0,,0.0,72.0,0.0,72.0
1,DA Miller,13,2.0,0.0,0.0,0.0,3.0,,,,,2023,T20,2023_04_09,Ahmedabad,Gujarat Titans_v_Kolkata Knight Riders,Gujarat Titans,0,0,0,0,0,0,0,,0.0,2.0,0.0,2.0
1,Shubman Gill,13,39.0,5.0,0.0,1.0,31.0,,,,,2023,T20,2023_04_09,Ahmedabad,Gujarat Titans_v_Kolkata Knight Riders,Gujarat Titans,4,0,0,0,0,0,0,,0.0,48.0,0.0,48.0
1,V Shankar,13,63.0,4.0,5.0,0.0,23.0,,,,,2023,T20,2023_04_09,Ahmedabad,Gujarat Titans_v_Kolkata Knight Riders,Gujarat Titans,4,8,0,0,0,0,0,,0.0,89.0,0.0,89.0
1,WP Saha,13,17.0,3.0,0.0,1.0,17.0,,,,,2023,T20,2023_04_09,Ahmedabad,Gujarat Titans_v_Kolkata Knight Riders,Gujarat Titans,0,0,0,0,0,0,0,,0.0,20.0,0.0,20.0
2,AD Russell,13,1.0,0.0,0.0,1.0,2.0,,,,,2023,T20,2023_04_09,Ahmedabad,Gujarat Titans_v_Kolkata Knight Riders,Kolkata Knight Riders,0,0,0,0,0,0,0,,0.0,1.0,0.0,1.0
2,LH Ferguson,13,,,,,,1.0,38.0,24.0,0.0,2023,T20,2023_04_09,Ahmedabad,Gujarat Titans_v_Kolkata Knight Riders,Kolkata Knight Riders,0,0,0,0,0,0,0,9.5,0.0,0.0,0.0,0.0
2,CV Varun,13,,,,,,1.0,22.0,12.0,0.0,2023,T20,2023_04_09,Ahmedabad,Gujarat Titans_v_Kolkata Knight Riders,Kolkata Knight Riders,0,0,0,0,0,0,0,11.0,0.0,0.0,0.0,0.0
2,VR Iyer,13,83.0,8.0,5.0,1.0,40.0,,,,,2023,T20,2023_04_09,Ahmedabad,Gujarat Titans_v_Kolkata Knight Riders,Kolkata Knight Riders,4,8,0,0,0,0,0,,0.0,113.0,0.0,113.0
2,SP Narine,13,0.0,0.0,0.0,1.0,1.0,1.0,32.0,24.0,3.0,2023,T20,2023_04_09,Ahmedabad,Gujarat Titans_v_Kolkata Knight Riders,Kolkata Knight Riders,0,0,0,-2,4,0,0,8.0,0.0,-2.0,79.0,77.0
2,Suyash Sharma,13,,,,,,1.0,34.0,24.0,1.0,2023,T20,2023_04_09,Ahmedabad,Gujarat Titans_v_Kolkata Knight Riders,Kolkata Knight Riders,0,0,0,0,0,0,0,8.5,0.0,0.0,25.0,25.0
2,Rahmanullah Gurbaz,13,15.0,1.0,1.0,1.0,12.0,,,,,2023,T20,2023_04_09,Ahmedabad,Gujarat Titans_v_Kolkata Knight Riders,Kolkata Knight Riders,0,0,0,0,0,0,0,,0.0,18.0,0.0,18.0
2,RK Singh,13,48.0,1.0,6.0,0.0,21.0,,,,,2023,T20,2023_04_09,Ahmedabad,Gujarat Titans_v_Kolkata Knight Riders,Kolkata Knight Riders,4,0,0,0,0,0,0,,0.0,65.0,0.0,65.0
2,N Rana,13,45.0,4.0,3.0,1.0,29.0,,,,,2023,T20,2023_04_09,Ahmedabad,Gujarat Titans_v_Kolkata Knight Riders,Kolkata Knight Riders,4,0,0,0,0,0,0,,0.0,59.0,0.0,59.0
2,N Jagadeesan,13,6.0,1.0,0.0,1.0,8.0,,,,,2023,T20,2023_04_09,Ahmedabad,Gujarat Titans_v_Kolkata Knight Riders,Kolkata Knight Riders,0,0,0,0,0,0,0,,0.0,7.0,0.0,7.0
2,UT Yadav,13,5.0,0.0,0.0,0.0,6.0,1.0,23.0,18.0,0.0,2023,T20,2023_04_09,Ahmedabad,Gujarat Titans_v_Kolkata Knight Riders,Kolkata Knight Riders,0,0,0,0,0,0,0,7.666666666666667,0.0,5.0,0.0,5.0
2,SN Thakur,13,0.0,0.0,0.0,1.0,1.0,1.0,39.0,18.0,0.0,2023,T20,2023_04_09,Ahmedabad,Gujarat Titans_v_Kolkata Knight Riders,Kolkata Knight Riders,0,0,0,-2,0,0,0,13.0,0.0,-2.0,0.0,-2.0
1,Harpreet Brar,14,1.0,0.0,0.0,1.0,2.0,2.0,26.0,19.0,0.0,2023,T20,2023_04_09,Hyderabad,Punjab Kings_v_Sunrisers Hyderabad,Punjab Kings,0,0,0,0,0,0,0,8.210526315789474,0.0,1.0,0.0,1.0
1,Arshdeep Singh,14,,,,,,2.0,20.0,18.0,1.0,2023,T20,2023_04_09,Hyderabad,Punjab Kings_v_Sunrisers Hyderabad,Punjab Kings,0,0,0,0,0,0,0,6.666666666666667,0.0,0.0,25.0,25.0
1,SM Curran,14,22.0,3.0,1.0,1.0,15.0,2.0,14.0,18.0,0.0,2023,T20,2023_04_09,Hyderabad,Punjab Kings_v_Sunrisers Hyderabad,Punjab Kings,0,0,0,0,0,0,0,4.666666666666667,0.0,27.0,0.0,27.0
1,S Dhawan,14,99.0,12.0,5.0,0.0,66.0,,,,,2023,T20,2023_04_09,Hyderabad,Punjab Kings_v_Sunrisers Hyderabad,Punjab Kings,4,8,0,0,0,0,0,,0.0,133.0,0.0,133.0
1,RD Chahar,14,0.0,0.0,0.0,1.0,8.0,2.0,28.0,18.0,1.0,2023,T20,2023_04_09,Hyderabad,Punjab Kings_v_Sunrisers Hyderabad,Punjab Kings,0,0,0,-2,0,0,0,9.333333333333334,0.0,-2.0,25.0,23.0
1,P Simran Singh,14,0.0,0.0,0.0,1.0,1.0,,,,,2023,T20,2023_04_09,Hyderabad,Punjab Kings_v_Sunrisers Hyderabad,Punjab Kings,0,0,0,-2,0,0,0,,0.0,-2.0,0.0,-2.0
1,Sikandar Raza,14,5.0,0.0,0.0,1.0,6.0,,,,,2023,T20,2023_04_09,Hyderabad,Punjab Kings_v_Sunrisers Hyderabad,Punjab Kings,0,0,0,0,0,0,0,,0.0,5.0,0.0,5.0
1,Mohit Rathee,14,1.0,0.0,0.0,0.0,2.0,2.0,29.0,12.0,0.0,2023,T20,2023_04_09,Hyderabad,Punjab Kings_v_Sunrisers Hyderabad,Punjab Kings,0,0,0,0,0,0,0,14.5,0.0,1.0,0.0,1.0
1,MW Short,14,1.0,0.0,0.0,1.0,3.0,,,,,2023,T20,2023_04_09,Hyderabad,Punjab Kings_v_Sunrisers Hyderabad,Punjab Kings,0,0,0,0,0,0,0,,0.0,1.0,0.0,1.0
1,M Shahrukh Khan,14,4.0,1.0,0.0,1.0,3.0,,,,,2023,T20,2023_04_09,Hyderabad,Punjab Kings_v_Sunrisers Hyderabad,Punjab Kings,0,0,0,0,0,0,0,,0.0,5.0,0.0,5.0
1,JM Sharma,14,4.0,1.0,0.0,1.0,9.0,,,,,2023,T20,2023_04_09,Hyderabad,Punjab Kings_v_Sunrisers Hyderabad,Punjab Kings,0,0,0,0,0,0,0,,0.0,5.0,0.0,5.0
1,NT Ellis,14,0.0,0.0,0.0,1.0,5.0,2.0,28.0,18.0,0.0,2023,T20,2023_04_09,Hyderabad,Punjab Kings_v_Sunrisers Hyderabad,Punjab Kings,0,0,0,-2,0,0,0,9.333333333333334,0.0,-2.0,0.0,-2.0
2,Umran Malik,14,,,,,,1.0,31.0,24.0,2.0,2023,T20,2023_04_09,Hyderabad,Punjab Kings_v_Sunrisers Hyderabad,Sunrisers Hyderabad,0,0,0,0,0,0,0,7.75,0.0,0.0,50.0,50.0
2,AK Markram,14,37.0,6.0,0.0,0.0,21.0,,,,,2023,T20,2023_04_09,Hyderabad,Punjab Kings_v_Sunrisers Hyderabad,Sunrisers Hyderabad,4,0,0,0,0,0,0,,0.0,47.0,0.0,47.0
2,HC Brook,14,13.0,3.0,0.0,1.0,14.0,,,,,2023,T20,2023_04_09,Hyderabad,Punjab Kings_v_Sunrisers Hyderabad,Sunrisers Hyderabad,0,0,0,0,0,0,0,,0.0,16.0,0.0,16.0
2,MA Agarwal,14,21.0,3.0,0.0,1.0,20.0,,,,,2023,T20,2023_04_09,Hyderabad,Punjab Kings_v_Sunrisers Hyderabad,Sunrisers Hyderabad,0,0,0,0,0,0,0,,0.0,24.0,0.0,24.0
2,RA Tripathi,14,74.0,10.0,3.0,0.0,48.0,,,,,2023,T20,2023_04_09,Hyderabad,Punjab Kings_v_Sunrisers Hyderabad,Sunrisers Hyderabad,4,8,0,0,0,0,0,,0.0,102.0,0.0,102.0
2,B Kumar,14,,,,,,1.0,30.0,24.0,1.0,2023,T20,2023_04_09,Hyderabad,Punjab Kings_v_Sunrisers Hyderabad,Sunrisers Hyderabad,0,0,0,0,0,0,0,7.5,0.0,0.0,25.0,25.0
2,M Jansen,14,,,,,,1.0,15.0,18.0,2.0,2023,T20,2023_04_09,Hyderabad,Punjab Kings_v_Sunrisers Hyderabad,Sunrisers Hyderabad,0,0,0,0,0,0,0,5.0,0.6666666666666666,0.0,50.666666666666664,50.666666666666664
2,M Markande,14,,,,,,1.0,15.0,24.0,4.0,2023,T20,2023_04_09,Hyderabad,Punjab Kings_v_Sunrisers Hyderabad,Sunrisers Hyderabad,0,0,0,0,4,8,0,3.75,0.0,0.0,112.0,112.0
2,T Natarajan,14,,,,,,1.0,40.0,24.0,0.0,2023,T20,2023_04_09,Hyderabad,Punjab Kings_v_Sunrisers Hyderabad,Sunrisers Hyderabad,0,0,0,0,0,0,0,10.0,0.0,0.0,0.0,0.0
2,Washington Sundar,14,,,,,,1.0,6.0,6.0,0.0,2023,T20,2023_04_09,Hyderabad,Punjab Kings_v_Sunrisers Hyderabad,Sunrisers Hyderabad,0,0,0,0,0,0,0,6.0,0.0,0.0,0.0,0.0
1,WD Parnell,15,,,,,,2.0,38.0,24.0,3.0,2023,T20,2023_04_10,Bengaluru,Royal Challengers Bangalore_v_Lucknow Super Giants,Royal Challengers Bangalore,0,0,0,0,4,0,0,9.5,0.0,0.0,79.0,79.0
1,Mohammed Siraj,15,,,,,,2.0,18.0,24.0,3.0,2023,T20,2023_04_10,Bengaluru,Royal Challengers Bangalore_v_Lucknow Super Giants,Royal Challengers Bangalore,0,0,0,0,4,0,0,4.5,0.0,0.0,79.0,79.0
1,KV Sharma,15,,,,,,2.0,47.0,18.0,1.0,2023,T20,2023_04_10,Bengaluru,Royal Challengers Bangalore_v_Lucknow Super Giants,Royal Challengers Bangalore,0,0,0,0,0,0,0,15.666666666666666,0.0,0.0,25.0,25.0
1,HV Patel,15,,,,,,2.0,48.0,24.0,2.0,2023,T20,2023_04_10,Bengaluru,Royal Challengers Bangalore_v_Lucknow Super Giants,Royal Challengers Bangalore,0,0,0,0,0,0,0,12.0,0.0,0.0,50.0,50.0
1,DJ Willey,15,,,,,,2.0,31.0,24.0,0.0,2023,T20,2023_04_10,Bengaluru,Royal Challengers Bangalore_v_Lucknow Super Giants,Royal Challengers Bangalore,0,0,0,0,0,0,0,7.75,0.0,0.0,0.0,0.0
1,V Kohli,15,61.0,4.0,4.0,1.0,44.0,,,,,2023,T20,2023_04_10,Bengaluru,Royal Challengers Bangalore_v_Lucknow Super Giants,Royal Challengers Bangalore,4,8,0,0,0,0,0,,0.0,85.0,0.0,85.0
1,KD Karthik,15,1.0,0.0,0.0,0.0,1.0,,,,,2023,T20,2023_04_10,Bengaluru,Royal Challengers Bangalore_v_Lucknow Super Giants,Royal Challengers Bangalore,0,0,0,0,0,0,0,,0.0,1.0,0.0,1.0
1,GJ Maxwell,15,59.0,3.0,6.0,1.0,29.0,,,,,2023,T20,2023_04_10,Bengaluru,Royal Challengers Bangalore_v_Lucknow Super Giants,Royal Challengers Bangalore,4,8,0,0,0,0,0,,0.0,86.0,0.0,86.0
1,F du Plessis,15,79.0,5.0,5.0,0.0,46.0,,,,,2023,T20,2023_04_10,Bengaluru,Royal Challengers Bangalore_v_Lucknow Super Giants,Royal Challengers Bangalore,4,8,0,0,0,0,0,,0.0,106.0,0.0,106.0
1,Shahbaz Ahmed,15,,,,,,2.0,15.0,6.0,0.0,2023,T20,2023_04_10,Bengaluru,Royal Challengers Bangalore_v_Lucknow Super Giants,Royal Challengers Bangalore,0,0,0,0,0,0,0,15.0,0.0,0.0,0.0,0.0
2,A Mishra,15,,,,,,1.0,18.0,12.0,1.0,2023,T20,2023_04_10,Bengaluru,Royal Challengers Bangalore_v_Lucknow Super Giants,Lucknow Super Giants,0,0,0,0,0,0,0,9.0,0.0,0.0,25.0,25.0
2,A Badoni,15,30.0,4.0,0.0,1.0,24.0,,,,,2023,T20,2023_04_10,Bengaluru,Royal Challengers Bangalore_v_Lucknow Super Giants,Lucknow Super Giants,4,0,0,0,0,0,0,,0.0,38.0,0.0,38.0
2,MP Stoinis,15,65.0,6.0,5.0,1.0,30.0,,,,,2023,T20,2023_04_10,Bengaluru,Royal Challengers Bangalore_v_Lucknow Super Giants,Lucknow Super Giants,4,8,0,0,0,0,0,,0.0,93.0,0.0,93.0
2,MA Wood,15,1.0,0.0,0.0,1.0,2.0,1.0,30.0,24.0,1.0,2023,T20,2023_04_10,Bengaluru,Royal Challengers Bangalore_v_Lucknow Super Giants,Lucknow Super Giants,0,0,0,0,0,0,0,7.5,0.0,1.0,25.0,26.0
2,KR Mayers,15,0.0,0.0,0.0,1.0,3.0,,,,,2023,T20,2023_04_10,Bengaluru,Royal Challengers Bangalore_v_Lucknow Super Giants,Lucknow Super Giants,0,0,0,-2,0,0,0,,0.0,-2.0,0.0,-2.0
2,KL Rahul,15,18.0,1.0,0.0,1.0,20.0,,,,,2023,T20,2023_04_10,Bengaluru,Royal Challengers Bangalore_v_Lucknow Super Giants,Lucknow Super Giants,0,0,0,0,0,0,0,,0.0,19.0,0.0,19.0
2,KH Pandya,15,0.0,0.0,0.0,1.0,2.0,1.0,35.0,24.0,0.0,2023,T20,2023_04_10,Bengaluru,Royal Challengers Bangalore_v_Lucknow Super Giants,Lucknow Super Giants,0,0,0,-2,0,0,0,8.75,0.0,-2.0,0.0,-2.0
2,JD Unadkat,15,9.0,1.0,0.0,1.0,7.0,1.0,26.0,12.0,0.0,2023,T20,2023_04_10,Bengaluru,Royal Challengers Bangalore_v_Lucknow Super Giants,Lucknow Super Giants,0,0,0,0,0,0,0,13.0,0.0,10.0,0.0,10.0
2,DJ Hooda,15,9.0,1.0,0.0,1.0,10.0,,,,,2023,T20,2023_04_10,Bengaluru,Royal Challengers Bangalore_v_Lucknow Super Giants,Lucknow Super Giants,0,0,0,0,0,0,0,,0.0,10.0,0.0,10.0
2,Avesh Khan,15,0.0,0.0,0.0,0.0,1.0,1.0,53.0,24.0,0.0,2023,T20,2023_04_10,Bengaluru,Royal Challengers Bangalore_v_Lucknow Super Giants,Lucknow Super Giants,0,0,0,-2,0,0,0,13.25,0.0,-2.0,0.0,-2.0
2,N Pooran,15,62.0,4.0,7.0,1.0,19.0,,,,,2023,T20,2023_04_10,Bengaluru,Royal Challengers Bangalore_v_Lucknow Super Giants,Lucknow Super Giants,4,8,0,0,0,0,0,,0.0,92.0,0.0,92.0
2,Ravi Bishnoi,15,3.0,0.0,0.0,0.0,2.0,1.0,38.0,24.0,0.0,2023,T20,2023_04_10,Bengaluru,Royal Challengers Bangalore_v_Lucknow Super Giants,Lucknow Super Giants,0,0,0,0,0,0,0,9.5,0.0,3.0,0.0,3.0
1,A Nortje,16,5.0,1.0,0.0,1.0,3.0,2.0,35.0,24.0,0.0,2023,T20,2023_04_11,Delhi,Delhi Capitals_v_Mumbai Indians,Delhi Capitals,0,0,0,0,0,0,0,8.75,0.0,6.0,0.0,6.0
1,AR Patel,16,54.0,4.0,5.0,1.0,24.0,2.0,19.0,24.0,0.0,2023,T20,2023_04_11,Delhi,Delhi Capitals_v_Mumbai Indians,Delhi Capitals,4,8,0,0,0,0,0,4.75,0.0,80.0,0.0,80.0
1,Abishek Porel,16,1.0,0.0,0.0,1.0,3.0,,,,,2023,T20,2023_04_11,Delhi,Delhi Capitals_v_Mumbai Indians,Delhi Capitals,0,0,0,0,0,0,0,,0.0,1.0,0.0,1.0
1,DA Warner,16,51.0,6.0,0.0,1.0,47.0,,,,,2023,T20,2023_04_11,Delhi,Delhi Capitals_v_Mumbai Indians,Delhi Capitals,4,8,0,0,0,0,0,,0.0,69.0,0.0,69.0
1,Kuldeep Yadav,16,0.0,0.0,0.0,1.0,1.0,2.0,23.0,12.0,0.0,2023,T20,2023_04_11,Delhi,Delhi Capitals_v_Mumbai Indians,Delhi Capitals,0,0,0,-2,0,0,0,11.5,0.0,-2.0,0.0,-2.0
1,Lalit Yadav,16,2.0,0.0,0.0,1.0,4.0,2.0,22.0,24.0,1.0,2023,T20,2023_04_11,Delhi,Delhi Capitals_v_Mumbai Indians,Delhi Capitals,0,0,0,0,0,0,0,5.5,0.5,2.0,25.5,27.5
1,MK Pandey,16,26.0,5.0,0.0,1.0,17.0,,,,,2023,T20,2023_04_11,Delhi,Delhi Capitals_v_Mumbai Indians,Delhi Capitals,0,0,0,0,0,0,0,,0.0,31.0,0.0,31.0
1,Mustafizur Rahman,16,1.0,0.0,0.0,0.0,1.0,2.0,38.0,24.0,1.0,2023,T20,2023_04_11,Delhi,Delhi Capitals_v_Mumbai Indians,Delhi Capitals,0,0,0,0,0,0,0,9.5,0.0,1.0,25.0,26.0
1,PP Shaw,16,15.0,3.0,0.0,1.0,10.0,,,,,2023,T20,2023_04_11,Delhi,Delhi Capitals_v_Mumbai Indians,Delhi Capitals,0,0,0,0,0,0,0,,0.0,18.0,0.0,18.0
1,R Powell,16,4.0,1.0,0.0,1.0,4.0,,,,,2023,T20,2023_04_11,Delhi,Delhi Capitals_v_Mumbai Indians,Delhi Capitals,0,0,0,0,0,0,0,,0.0,5.0,0.0,5.0
1,YV Dhull,16,2.0,0.0,0.0,1.0,4.0,,,,,2023,T20,2023_04_11,Delhi,Delhi Capitals_v_Mumbai Indians,Delhi Capitals,0,0,0,0,0,0,0,,0.0,2.0,0.0,2.0
1,Mukesh Kumar,16,,,,,,2.0,30.0,12.0,2.0,2023,T20,2023_04_11,Delhi,Delhi Capitals_v_Mumbai Indians,Delhi Capitals,0,0,0,0,0,0,0,15.0,0.0,0.0,50.0,50.0
2,JP Behrendorff,16,,,,,,1.0,23.0,18.0,4.0,2023,T20,2023_04_11,Delhi,Delhi Capitals_v_Mumbai Indians,Mumbai Indians,0,0,0,0,4,8,0,7.666666666666667,0.0,0.0,112.0,112.0
2,HR Shokeen,16,,,,,,1.0,37.0,24.0,1.0,2023,T20,2023_04_11,Delhi,Delhi Capitals_v_Mumbai Indians,Mumbai Indians,0,0,0,0,0,0,0,9.25,0.0,0.0,25.0,25.0
2,Arshad Khan,16,,,,,,1.0,11.0,6.0,0.0,2023,T20,2023_04_11,Delhi,Delhi Capitals_v_Mumbai Indians,Mumbai Indians,0,0,0,0,0,0,0,11.0,0.0,0.0,0.0,0.0
2,Tilak Varma,16,41.0,1.0,4.0,1.0,29.0,1.0,6.0,6.0,0.0,2023,T20,2023_04_11,Delhi,Delhi Capitals_v_Mumbai Indians,Mumbai Indians,4,0,0,0,0,0,0,6.0,0.0,54.0,0.0,54.0
2,C Green,16,17.0,1.0,1.0,0.0,8.0,1.0,29.0,18.0,0.0,2023,T20,2023_04_11,Delhi,Delhi Capitals_v_Mumbai Indians,Mumbai Indians,0,0,0,0,0,0,0,9.666666666666666,0.0,20.0,0.0,20.0
2,SA Yadav,16,0.0,0.0,0.0,1.0,1.0,,,,,2023,T20,2023_04_11,Delhi,Delhi Capitals_v_Mumbai Indians,Mumbai Indians,0,0,0,-2,0,0,0,,0.0,-2.0,0.0,-2.0
2,RG Sharma,16,65.0,6.0,4.0,1.0,45.0,,,,,2023,T20,2023_04_11,Delhi,Delhi Capitals_v_Mumbai Indians,Mumbai Indians,4,8,0,0,0,0,0,,0.0,91.0,0.0,91.0
2,Ishan Kishan,16,31.0,6.0,0.0,1.0,26.0,,,,,2023,T20,2023_04_11,Delhi,Delhi Capitals_v_Mumbai Indians,Mumbai Indians,4,0,0,0,0,0,0,,0.0,41.0,0.0,41.0
2,PP Chawla,16,,,,,,1.0,22.0,24.0,3.0,2023,T20,2023_04_11,Delhi,Delhi Capitals_v_Mumbai Indians,Mumbai Indians,0,0,0,0,4,0,0,5.5,0.5,0.0,79.5,79.5
2,TH David,16,13.0,0.0,1.0,0.0,11.0,,,,,2023,T20,2023_04_11,Delhi,Delhi Capitals_v_Mumbai Indians,Mumbai Indians,0,0,0,0,0,0,0,,0.0,15.0,0.0,15.0
2,RP Meredith,16,,,,,,1.0,33.0,22.0,2.0,2023,T20,2023_04_11,Delhi,Delhi Capitals_v_Mumbai Indians,Mumbai Indians,0,0,0,0,0,0,0,9.0,0.0,0.0,50.0,50.0
1,JC Buttler,17,52.0,1.0,3.0,1.0,36.0,,,,,2023,T20,2023_04_12,Chennai,Rajasthan Royals_v_Chennai Super Kings,Rajasthan Royals,4,8,0,0,0,0,0,,0.0,71.0,0.0,71.0
1,Sandeep Sharma,17,,,,,,2.0,28.0,18.0,1.0,2023,T20,2023_04_12,Chennai,Rajasthan Royals_v_Chennai Super Kings,Rajasthan Royals,0,0,0,0,0,0,0,9.333333333333334,0.0,0.0,25.0,25.0
1,KR Sen,17,,,,,,2.0,8.0,12.0,0.0,2023,T20,2023_04_12,Chennai,Rajasthan Royals_v_Chennai Super Kings,Rajasthan Royals,0,0,0,0,0,0,0,4.0,0.0,0.0,0.0,0.0
1,YBK Jaiswal,17,10.0,2.0,0.0,1.0,8.0,,,,,2023,T20,2023_04_12,Chennai,Rajasthan Royals_v_Chennai Super Kings,Rajasthan Royals,0,0,0,0,0,0,0,,0.0,12.0,0.0,12.0
1,SV Samson,17,0.0,0.0,0.0,1.0,2.0,,,,,2023,T20,2023_04_12,Chennai,Rajasthan Royals_v_Chennai Super Kings,Rajasthan Royals,0,0,0,-2,0,0,0,,0.0,-2.0,0.0,-2.0
1,SO Hetmyer,17,30.0,2.0,2.0,0.0,18.0,,,,,2023,T20,2023_04_12,Chennai,Rajasthan Royals_v_Chennai Super Kings,Rajasthan Royals,4,0,0,0,0,0,0,,0.0,40.0,0.0,40.0
1,R Ashwin,17,30.0,1.0,2.0,1.0,22.0,2.0,23.0,24.0,2.0,2023,T20,2023_04_12,Chennai,Rajasthan Royals_v_Chennai Super Kings,Rajasthan Royals,4,0,0,0,0,0,0,5.75,0.5,39.0,50.5,89.5
1,JO Holder,17,0.0,0.0,0.0,1.0,1.0,2.0,36.0,18.0,0.0,2023,T20,2023_04_12,Chennai,Rajasthan Royals_v_Chennai Super Kings,Rajasthan Royals,0,0,0,-2,0,0,0,12.0,0.0,-2.0,0.0,-2.0
1,Dhruv Jurel,17,4.0,0.0,0.0,1.0,6.0,,,,,2023,T20,2023_04_12,Chennai,Rajasthan Royals_v_Chennai Super Kings,Rajasthan Royals,0,0,0,0,0,0,0,,0.0,4.0,0.0,4.0
1,YS Chahal,17,,,,,,2.0,26.0,24.0,2.0,2023,T20,2023_04_12,Chennai,Rajasthan Royals_v_Chennai Super Kings,Rajasthan Royals,0,0,0,0,0,0,0,6.5,0.0,0.0,50.0,50.0
1,A Zampa,17,1.0,0.0,0.0,1.0,1.0,2.0,41.0,24.0,1.0,2023,T20,2023_04_12,Chennai,Rajasthan Royals_v_Chennai Super Kings,Rajasthan Royals,0,0,0,0,0,0,0,10.25,0.0,1.0,25.0,26.0
1,D Padikkal,17,38.0,5.0,0.0,1.0,26.0,,,,,2023,T20,2023_04_12,Chennai,Rajasthan Royals_v_Chennai Super Kings,Rajasthan Royals,4,0,0,0,0,0,0,,0.0,47.0,0.0,47.0
2,TU Deshpande,17,,,,,,1.0,36.0,24.0,3.0,2023,T20,2023_04_12,Chennai,Rajasthan Royals_v_Chennai Super Kings,Chennai Super Kings,0,0,0,0,4,0,0,9.0,0.0,0.0,79.0,79.0
2,S Dube,17,8.0,1.0,0.0,1.0,9.0,,,,,2023,T20,2023_04_12,Chennai,Rajasthan Royals_v_Chennai Super Kings,Chennai Super Kings,0,0,0,0,0,0,0,,0.0,9.0,0.0,9.0
2,RD Gaikwad,17,8.0,1.0,0.0,1.0,10.0,,,,,2023,T20,2023_04_12,Chennai,Rajasthan Royals_v_Chennai Super Kings,Chennai Super Kings,0,0,0,0,0,0,0,,0.0,9.0,0.0,9.0
2,RA Jadeja,17,25.0,1.0,2.0,0.0,15.0,1.0,14.0,24.0,2.0,2023,T20,2023_04_12,Chennai,Rajasthan Royals_v_Chennai Super Kings,Chennai Super Kings,0,0,0,0,0,0,0,3.5,0.0,30.0,50.0,80.0
2,MS Dhoni,17,32.0,1.0,3.0,0.0,17.0,,,,,2023,T20,2023_04_12,Chennai,Rajasthan Royals_v_Chennai Super Kings,Chennai Super Kings,4,0,0,0,0,0,0,,0.0,43.0,0.0,43.0
2,MM Ali,17,7.0,0.0,0.0,1.0,10.0,1.0,21.0,12.0,1.0,2023,T20,2023_04_12,Chennai,Rajasthan Royals_v_Chennai Super Kings,Chennai Super Kings,0,0,0,0,0,0,0,10.5,0.0,7.0,25.0,32.0
2,Akash Singh,17,,,,,,1.0,39.0,24.0,2.0,2023,T20,2023_04_12,Chennai,Rajasthan Royals_v_Chennai Super Kings,Chennai Super Kings,0,0,0,0,0,0,0,9.75,0.0,0.0,50.0,50.0
2,DP Conway,17,50.0,6.0,0.0,1.0,38.0,,,,,2023,T20,2023_04_12,Chennai,Rajasthan Royals_v_Chennai Super Kings,Chennai Super Kings,4,8,0,0,0,0,0,,0.0,68.0,0.0,68.0
2,M Theekshana,17,,,,,,1.0,42.0,24.0,0.0,2023,T20,2023_04_12,Chennai,Rajasthan Royals_v_Chennai Super Kings,Chennai Super Kings,0,0,0,0,0,0,0,10.5,0.0,0.0,0.0,0.0
2,SSB Magala,17,,,,,,1.0,13.0,12.0,0.0,2023,T20,2023_04_12,Chennai,Rajasthan Royals_v_Chennai Super Kings,Chennai Super Kings,0,0,0,0,0,0,0,6.5,0.0,0.0,0.0,0.0
2,AT Rayudu,17,1.0,0.0,0.0,1.0,2.0,,,,,2023,T20,2023_04_12,Chennai,Rajasthan Royals_v_Chennai Super Kings,Chennai Super Kings,0,0,0,0,0,0,0,,0.0,1.0,0.0,1.0
2,AM Rahane,17,31.0,2.0,1.0,1.0,19.0,,,,,2023,T20,2023_04_12,Chennai,Rajasthan Royals_v_Chennai Super Kings,Chennai Super Kings,4,0,0,0,0,0,0,,0.0,39.0,0.0,39.0
1,PBB Rajapaksa,18,20.0,1.0,0.0,1.0,26.0,,,,,2023,T20,2023_04_13,Chandigarh,Punjab Kings_v_Gujarat Titans,Punjab Kings,0,0,0,0,0,0,0,,0.0,21.0,0.0,21.0
1,K Rabada,18,,,,,,2.0,36.0,24.0,1.0,2023,T20,2023_04_13,Chandigarh,Punjab Kings_v_Gujarat Titans,Punjab Kings,0,0,0,0,0,0,0,9.0,0.0,0.0,25.0,25.0
1,Arshdeep Singh,18,,,,,,2.0,33.0,24.0,1.0,2023,T20,2023_04_13,Chandigarh,Punjab Kings_v_Gujarat Titans,Punjab Kings,0,0,0,0,0,0,0,8.25,0.0,0.0,25.0,25.0
1,Harpreet Brar,18,8.0,0.0,1.0,1.0,5.0,2.0,20.0,24.0,1.0,2023,T20,2023_04_13,Chandigarh,Punjab Kings_v_Gujarat Titans,Punjab Kings,0,0,0,0,0,0,0,5.0,0.5,10.0,25.5,35.5
1,JM Sharma,18,25.0,5.0,0.0,1.0,23.0,,,,,2023,T20,2023_04_13,Chandigarh,Punjab Kings_v_Gujarat Titans,Punjab Kings,0,0,0,0,0,0,0,,0.0,30.0,0.0,30.0
1,M Shahrukh Khan,18,22.0,1.0,2.0,1.0,9.0,,,,,2023,T20,2023_04_13,Chandigarh,Punjab Kings_v_Gujarat Titans,Punjab Kings,0,0,0,0,0,0,0,,0.0,27.0,0.0,27.0
1,MW Short,18,36.0,6.0,1.0,1.0,24.0,2.0,8.0,6.0,0.0,2023,T20,2023_04_13,Chandigarh,Punjab Kings_v_Gujarat Titans,Punjab Kings,4,0,0,0,0,0,0,8.0,0.0,48.0,0.0,48.0
1,P Simran Singh,18,0.0,0.0,0.0,1.0,2.0,,,,,2023,T20,2023_04_13,Chandigarh,Punjab Kings_v_Gujarat Titans,Punjab Kings,0,0,0,-2,0,0,0,,0.0,-2.0,0.0,-2.0
1,RD Chahar,18,,,,,,2.0,24.0,18.0,0.0,2023,T20,2023_04_13,Chandigarh,Punjab Kings_v_Gujarat Titans,Punjab Kings,0,0,0,0,0,0,0,8.0,0.0,0.0,0.0,0.0
1,R Dhawan,18,1.0,0.0,0.0,0.0,1.0,,,,,2023,T20,2023_04_13,Chandigarh,Punjab Kings_v_Gujarat Titans,Punjab Kings,0,0,0,0,0,0,0,,0.0,1.0,0.0,1.0
1,S Dhawan,18,8.0,2.0,0.0,1.0,8.0,,,,,2023,T20,2023_04_13,Chandigarh,Punjab Kings_v_Gujarat Titans,Punjab Kings,0,0,0,0,0,0,0,,0.0,10.0,0.0,10.0
1,SM Curran,18,22.0,1.0,1.0,1.0,22.0,2.0,25.0,23.0,1.0,2023,T20,2023_04_13,Chandigarh,Punjab Kings_v_Gujarat Titans,Punjab Kings,0,0,0,0,0,0,0,6.521739130434782,0.0,25.0,25.0,50.0
2,Mohammed Shami,18,,,,,,1.0,43.0,24.0,1.0,2023,T20,2023_04_13,Chandigarh,Punjab Kings_v_Gujarat Titans,Gujarat Titans,0,0,0,0,0,0,0,10.75,0.0,0.0,25.0,25.0
2,MM Sharma,18,,,,,,1.0,18.0,24.0,2.0,2023,T20,2023_04_13,Chandigarh,Punjab Kings_v_Gujarat Titans,Gujarat Titans,0,0,0,0,0,0,0,4.5,0.0,0.0,50.0,50.0
2,J Little,18,,,,,,1.0,28.0,24.0,3.0,2023,T20,2023_04_13,Chandigarh,Punjab Kings_v_Gujarat Titans,Gujarat Titans,0,0,0,0,4,0,0,7.0,0.0,0.0,79.0,79.0
2,B Sai Sudharsan,18,19.0,2.0,0.0,1.0,20.0,,,,,2023,T20,2023_04_13,Chandigarh,Punjab Kings_v_Gujarat Titans,Gujarat Titans,0,0,0,0,0,0,0,,0.0,21.0,0.0,21.0
2,WP Saha,18,30.0,5.0,0.0,1.0,19.0,,,,,2023,T20,2023_04_13,Chandigarh,Punjab Kings_v_Gujarat Titans,Gujarat Titans,4,0,0,0,0,0,0,,0.0,39.0,0.0,39.0
2,Shubman Gill,18,67.0,7.0,1.0,1.0,49.0,,,,,2023,T20,2023_04_13,Chandigarh,Punjab Kings_v_Gujarat Titans,Gujarat Titans,4,8,0,0,0,0,0,,0.0,88.0,0.0,88.0
2,R Tewatia,18,5.0,1.0,0.0,0.0,2.0,,,,,2023,T20,2023_04_13,Chandigarh,Punjab Kings_v_Gujarat Titans,Gujarat Titans,0,0,0,0,0,0,0,,0.0,6.0,0.0,6.0
2,HH Pandya,18,8.0,1.0,0.0,1.0,11.0,,,,,2023,T20,2023_04_13,Chandigarh,Punjab Kings_v_Gujarat Titans,Gujarat Titans,0,0,0,0,0,0,0,,0.0,9.0,0.0,9.0
2,DA Miller,18,17.0,1.0,0.0,0.0,18.0,,,,,2023,T20,2023_04_13,Chandigarh,Punjab Kings_v_Gujarat Titans,Gujarat Titans,0,0,0,0,0,0,0,,0.0,18.0,0.0,18.0
2,AS Joseph,18,,,,,,1.0,27.0,24.0,1.0,2023,T20,2023_04_13,Chandigarh,Punjab Kings_v_Gujarat Titans,Gujarat Titans,0,0,0,0,0,0,0,6.75,0.0,0.0,25.0,25.0
2,Rashid Khan,18,,,,,,1.0,26.0,24.0,1.0,2023,T20,2023_04_13,Chandigarh,Punjab Kings_v_Gujarat Titans,Gujarat Titans,0,0,0,0,0,0,0,6.5,0.0,0.0,25.0,25.0
1,H Klaasen,19,16.0,2.0,1.0,0.0,6.0,,,,,2023,T20,2023_04_14,Kolkata,Sunrisers Hyderabad_v_Kolkata Knight Riders,Sunrisers Hyderabad,0,0,0,0,0,0,0,,0.0,20.0,0.0,20.0
1,T Natarajan,19,,,,,,2.0,53.0,24.0,1.0,2023,T20,2023_04_14,Kolkata,Sunrisers Hyderabad_v_Kolkata Knight Riders,Sunrisers Hyderabad,0,0,0,0,0,0,0,13.25,0.0,0.0,25.0,25.0
1,M Markande,19,,,,,,2.0,27.0,24.0,2.0,2023,T20,2023_04_14,Kolkata,Sunrisers Hyderabad_v_Kolkata Knight Riders,Sunrisers Hyderabad,0,0,0,0,0,0,0,6.75,0.0,0.0,50.0,50.0
1,M Jansen,19,,,,,,2.0,31.0,24.0,2.0,2023,T20,2023_04_14,Kolkata,Sunrisers Hyderabad_v_Kolkata Knight Riders,Sunrisers Hyderabad,0,0,0,0,0,0,0,7.75,0.0,0.0,50.0,50.0
1,B Kumar,19,,,,,,2.0,28.0,24.0,1.0,2023,T20,2023_04_14,Kolkata,Sunrisers Hyderabad_v_Kolkata Knight Riders,Sunrisers Hyderabad,0,0,0,0,0,0,0,7.0,0.0,0.0,25.0,25.0
1,RA Tripathi,19,9.0,2.0,0.0,1.0,4.0,,,,,2023,T20,2023_04_14,Kolkata,Sunrisers Hyderabad_v_Kolkata Knight Riders,Sunrisers Hyderabad,0,0,0,0,0,0,0,,0.0,11.0,0.0,11.0
1,MA Agarwal,19,9.0,0.0,0.0,1.0,13.0,,,,,2023,T20,2023_04_14,Kolkata,Sunrisers Hyderabad_v_Kolkata Knight Riders,Sunrisers Hyderabad,0,0,0,0,0,0,0,,0.0,9.0,0.0,9.0
1,HC Brook,19,100.0,12.0,3.0,0.0,54.0,,,,,2023,T20,2023_04_14,Kolkata,Sunrisers Hyderabad_v_Kolkata Knight Riders,Sunrisers Hyderabad,4,8,16,0,0,0,0,,0.0,146.0,0.0,146.0
1,Umran Malik,19,,,,,,2.0,36.0,12.0,1.0,2023,T20,2023_04_14,Kolkata,Sunrisers Hyderabad_v_Kolkata Knight Riders,Sunrisers Hyderabad,0,0,0,0,0,0,0,18.0,0.0,0.0,25.0,25.0
1,Abhishek Sharma,19,32.0,3.0,2.0,1.0,17.0,,,,,2023,T20,2023_04_14,Kolkata,Sunrisers Hyderabad_v_Kolkata Knight Riders,Sunrisers Hyderabad,4,0,0,0,0,0,0,,0.0,43.0,0.0,43.0
1,Washington Sundar,19,,,,,,2.0,20.0,12.0,0.0,2023,T20,2023_04_14,Kolkata,Sunrisers Hyderabad_v_Kolkata Knight Riders,Sunrisers Hyderabad,0,0,0,0,0,0,0,10.0,0.0,0.0,0.0,0.0
1,AK Markram,19,50.0,2.0,5.0,1.0,26.0,,,,,2023,T20,2023_04_14,Kolkata,Sunrisers Hyderabad_v_Kolkata Knight Riders,Sunrisers Hyderabad,4,8,0,0,0,0,0,,0.0,74.0,0.0,74.0
2,VR Iyer,19,10.0,2.0,0.0,1.0,11.0,,,,,2023,T20,2023_04_14,Kolkata,Sunrisers Hyderabad_v_Kolkata Knight Riders,Kolkata Knight Riders,0,0,0,0,0,0,0,,0.0,12.0,0.0,12.0
2,UT Yadav,19,1.0,0.0,0.0,0.0,1.0,1.0,41.0,18.0,0.0,2023,T20,2023_04_14,Kolkata,Sunrisers Hyderabad_v_Kolkata Knight Riders,Kolkata Knight Riders,0,0,0,0,0,0,0,13.666666666666666,0.0,1.0,0.0,1.0
2,SP Narine,19,0.0,0.0,0.0,1.0,1.0,1.0,26.0,24.0,0.0,2023,T20,2023_04_14,Kolkata,Sunrisers Hyderabad_v_Kolkata Knight Riders,Kolkata Knight Riders,0,0,0,-2,0,0,0,6.5,0.0,-2.0,0.0,-2.0
2,SN Thakur,19,12.0,2.0,0.0,1.0,7.0,1.0,14.0,5.0,0.0,2023,T20,2023_04_14,Kolkata,Sunrisers Hyderabad_v_Kolkata Knight Riders,Kolkata Knight Riders,0,0,0,0,0,0,0,16.8,0.0,14.0,0.0,14.0
2,Rahmanullah Gurbaz,19,0.0,0.0,0.0,1.0,3.0,,,,,2023,T20,2023_04_14,Kolkata,Sunrisers Hyderabad_v_Kolkata Knight Riders,Kolkata Knight Riders,0,0,0,-2,0,0,0,,0.0,-2.0,0.0,-2.0
2,CV Varun,19,,,,,,1.0,40.0,24.0,1.0,2023,T20,2023_04_14,Kolkata,Sunrisers Hyderabad_v_Kolkata Knight Riders,Kolkata Knight Riders,0,0,0,0,0,0,0,10.0,0.0,0.0,25.0,25.0
2,LH Ferguson,19,,,,,,1.0,31.0,12.0,0.0,2023,T20,2023_04_14,Kolkata,Sunrisers Hyderabad_v_Kolkata Knight Riders,Kolkata Knight Riders,0,0,0,0,0,0,0,15.5,0.0,0.0,0.0,0.0
2,RK Singh,19,58.0,4.0,4.0,0.0,30.0,,,,,2023,T20,2023_04_14,Kolkata,Sunrisers Hyderabad_v_Kolkata Knight Riders,Kolkata Knight Riders,4,8,0,0,0,0,0,,0.0,82.0,0.0,82.0
2,N Rana,19,75.0,5.0,6.0,1.0,40.0,,,,,2023,T20,2023_04_14,Kolkata,Sunrisers Hyderabad_v_Kolkata Knight Riders,Kolkata Knight Riders,4,8,0,0,0,0,0,,0.0,104.0,0.0,104.0
2,Suyash Sharma,19,,,,,,1.0,44.0,24.0,0.0,2023,T20,2023_04_14,Kolkata,Sunrisers Hyderabad_v_Kolkata Knight Riders,Kolkata Knight Riders,0,0,0,0,0,0,0,11.0,0.0,0.0,0.0,0.0
2,N Jagadeesan,19,36.0,5.0,1.0,1.0,21.0,,,,,2023,T20,2023_04_14,Kolkata,Sunrisers Hyderabad_v_Kolkata Knight Riders,Kolkata Knight Riders,4,0,0,0,0,0,0,,0.0,47.0,0.0,47.0
2,AD Russell,19,3.0,0.0,0.0,1.0,6.0,1.0,20.0,13.0,3.0,2023,T20,2023_04_14,Kolkata,Sunrisers Hyderabad_v_Kolkata Knight Riders,Kolkata Knight Riders,0,0,0,0,4,0,0,9.23076923076923,0.0,3.0,79.0,82.0
1,Anuj Rawat,20,15.0,1.0,0.0,0.0,22.0,,,,,2023,T20,2023_04_15,Bengaluru,Royal Challengers Bangalore_v_Delhi Capitals,Royal Challengers Bangalore,0,0,0,0,0,0,0,,0.0,16.0,0.0,16.0
1,PWH de Silva,20,,,,,,2.0,37.0,18.0,1.0,2023,T20,2023_04_15,Bengaluru,Royal Challengers Bangalore_v_Delhi Capitals,Royal Challengers Bangalore,0,0,0,0,0,0,0,12.333333333333334,0.0,0.0,25.0,25.0
1,Mohammed Siraj,20,,,,,,2.0,23.0,24.0,3.0,2023,T20,2023_04_15,Bengaluru,Royal Challengers Bangalore_v_Delhi Capitals,Royal Challengers Bangalore,0,0,0,0,4,0,0,5.75,0.5,0.0,79.5,79.5
1,V Kohli,20,50.0,6.0,1.0,1.0,34.0,,,,,2023,T20,2023_04_15,Bengaluru,Royal Challengers Bangalore_v_Delhi Capitals,Royal Challengers Bangalore,4,8,0,0,0,0,0,,0.0,70.0,0.0,70.0
1,Shahbaz Ahmed,20,20.0,3.0,0.0,0.0,12.0,2.0,11.0,6.0,0.0,2023,T20,2023_04_15,Bengaluru,Royal Challengers Bangalore_v_Delhi Capitals,Royal Challengers Bangalore,0,0,0,0,0,0,0,11.0,0.0,23.0,0.0,23.0
1,MK Lomror,20,26.0,0.0,2.0,1.0,17.0,,,,,2023,T20,2023_04_15,Bengaluru,Royal Challengers Bangalore_v_Delhi Capitals,Royal Challengers Bangalore,0,0,0,0,0,0,0,,0.0,30.0,0.0,30.0
1,KD Karthik,20,0.0,0.0,0.0,1.0,1.0,,,,,2023,T20,2023_04_15,Bengaluru,Royal Challengers Bangalore_v_Delhi Capitals,Royal Challengers Bangalore,0,0,0,-2,0,0,0,,0.0,-2.0,0.0,-2.0
1,HV Patel,20,6.0,0.0,1.0,1.0,4.0,2.0,29.0,24.0,1.0,2023,T20,2023_04_15,Bengaluru,Royal Challengers Bangalore_v_Delhi Capitals,Royal Challengers Bangalore,0,0,0,0,0,0,0,7.25,0.0,8.0,25.0,33.0
1,GJ Maxwell,20,24.0,0.0,3.0,1.0,14.0,,,,,2023,T20,2023_04_15,Bengaluru,Royal Challengers Bangalore_v_Delhi Capitals,Royal Challengers Bangalore,0,0,0,0,0,0,0,,0.0,30.0,0.0,30.0
1,F du Plessis,20,22.0,3.0,1.0,1.0,16.0,,,,,2023,T20,2023_04_15,Bengaluru,Royal Challengers Bangalore_v_Delhi Capitals,Royal Challengers Bangalore,0,0,0,0,0,0,0,,0.0,27.0,0.0,27.0
1,Vijaykumar Vyshak,20,,,,,,2.0,20.0,24.0,3.0,2023,T20,2023_04_15,Bengaluru,Royal Challengers Bangalore_v_Delhi Capitals,Royal Challengers Bangalore,0,0,0,0,4,0,0,5.0,0.5,0.0,79.5,79.5
1,WD Parnell,20,,,,,,2.0,28.0,24.0,1.0,2023,T20,2023_04_15,Bengaluru,Royal Challengers Bangalore_v_Delhi Capitals,Royal Challengers Bangalore,0,0,0,0,0,0,0,7.0,0.0,0.0,25.0,25.0
2,PP Shaw,20,0.0,0.0,0.0,1.0,2.0,,,,,2023,T20,2023_04_15,Bengaluru,Royal Challengers Bangalore_v_Delhi Capitals,Delhi Capitals,0,0,0,-2,0,0,0,,0.0,-2.0,0.0,-2.0
2,MR Marsh,20,0.0,0.0,0.0,1.0,4.0,1.0,18.0,12.0,2.0,2023,T20,2023_04_15,Bengaluru,Royal Challengers Bangalore_v_Delhi Capitals,Delhi Capitals,0,0,0,-2,0,0,0,9.0,0.0,-2.0,50.0,48.0
2,MK Pandey,20,50.0,5.0,1.0,1.0,38.0,,,,,2023,T20,2023_04_15,Bengaluru,Royal Challengers Bangalore_v_Delhi Capitals,Delhi Capitals,4,8,0,0,0,0,0,,0.0,69.0,0.0,69.0
2,Lalit Yadav,20,4.0,0.0,0.0,1.0,7.0,1.0,28.0,24.0,1.0,2023,T20,2023_04_15,Bengaluru,Royal Challengers Bangalore_v_Delhi Capitals,Delhi Capitals,0,0,0,0,0,0,0,7.0,0.0,4.0,25.0,29.0
2,Kuldeep Yadav,20,7.0,1.0,0.0,0.0,6.0,1.0,23.0,24.0,2.0,2023,T20,2023_04_15,Bengaluru,Royal Challengers Bangalore_v_Delhi Capitals,Delhi Capitals,0,0,0,0,0,0,0,5.75,0.5,8.0,50.5,58.5
2,DA Warner,20,19.0,4.0,0.0,1.0,13.0,,,,,2023,T20,2023_04_15,Bengaluru,Royal Challengers Bangalore_v_Delhi Capitals,Delhi Capitals,0,0,0,0,0,0,0,,0.0,23.0,0.0,23.0
2,Aman Hakim Khan,20,18.0,1.0,1.0,1.0,10.0,,,,,2023,T20,2023_04_15,Bengaluru,Royal Challengers Bangalore_v_Delhi Capitals,Delhi Capitals,0,0,0,0,0,0,0,,0.0,21.0,0.0,21.0
2,Abishek Porel,20,5.0,0.0,0.0,1.0,8.0,,,,,2023,T20,2023_04_15,Bengaluru,Royal Challengers Bangalore_v_Delhi Capitals,Delhi Capitals,0,0,0,0,0,0,0,,0.0,5.0,0.0,5.0
2,Mustafizur Rahman,20,,,,,,1.0,41.0,18.0,0.0,2023,T20,2023_04_15,Bengaluru,Royal Challengers Bangalore_v_Delhi Capitals,Delhi Capitals,0,0,0,0,0,0,0,13.666666666666666,0.0,0.0,0.0,0.0
2,AR Patel,20,21.0,3.0,0.0,1.0,14.0,1.0,25.0,18.0,1.0,2023,T20,2023_04_15,Bengaluru,Royal Challengers Bangalore_v_Delhi Capitals,Delhi Capitals,0,0,0,0,0,0,0,8.333333333333334,0.0,24.0,25.0,49.0
2,YV Dhull,20,1.0,0.0,0.0,1.0,4.0,,,,,2023,T20,2023_04_15,Bengaluru,Royal Challengers Bangalore_v_Delhi Capitals,Delhi Capitals,0,0,0,0,0,0,0,,0.0,1.0,0.0,1.0
2,A Nortje,20,23.0,4.0,0.0,0.0,14.0,1.0,28.0,24.0,0.0,2023,T20,2023_04_15,Bengaluru,Royal Challengers Bangalore_v_Delhi Capitals,Delhi Capitals,0,0,0,0,0,0,0,7.0,0.0,27.0,0.0,27.0
1,A Badoni,21,5.0,0.0,0.0,0.0,6.0,,,,,2023,T20,2023_04_15,Lucknow,Lucknow Super Giants_v_Punjab Kings,Lucknow Super Giants,0,0,0,0,0,0,0,,0.0,5.0,0.0,5.0
1,DJ Hooda,21,2.0,0.0,0.0,1.0,3.0,,,,,2023,T20,2023_04_15,Lucknow,Lucknow Super Giants_v_Punjab Kings,Lucknow Super Giants,0,0,0,0,0,0,0,,0.0,2.0,0.0,2.0
1,K Gowtham,21,1.0,0.0,0.0,1.0,2.0,2.0,30.0,24.0,1.0,2023,T20,2023_04_15,Lucknow,Lucknow Super Giants_v_Punjab Kings,Lucknow Super Giants,0,0,0,0,0,0,0,7.5,0.0,1.0,25.0,26.0
1,KH Pandya,21,18.0,2.0,0.0,1.0,16.0,2.0,32.0,18.0,1.0,2023,T20,2023_04_15,Lucknow,Lucknow Super Giants_v_Punjab Kings,Lucknow Super Giants,0,0,0,0,0,0,0,10.666666666666666,0.0,20.0,25.0,45.0
1,KL Rahul,21,74.0,8.0,1.0,1.0,56.0,,,,,2023,T20,2023_04_15,Lucknow,Lucknow Super Giants_v_Punjab Kings,Lucknow Super Giants,4,8,0,0,0,0,0,,0.0,96.0,0.0,96.0
1,KR Mayers,21,29.0,1.0,3.0,1.0,23.0,,,,,2023,T20,2023_04_15,Lucknow,Lucknow Super Giants_v_Punjab Kings,Lucknow Super Giants,0,0,0,0,0,0,0,,0.0,36.0,0.0,36.0
1,MP Stoinis,21,15.0,0.0,2.0,1.0,11.0,,,,,2023,T20,2023_04_15,Lucknow,Lucknow Super Giants_v_Punjab Kings,Lucknow Super Giants,0,0,0,0,0,0,0,,0.0,19.0,0.0,19.0
1,N Pooran,21,0.0,0.0,0.0,1.0,1.0,,,,,2023,T20,2023_04_15,Lucknow,Lucknow Super Giants_v_Punjab Kings,Lucknow Super Giants,0,0,0,-2,0,0,0,,0.0,-2.0,0.0,-2.0
1,Ravi Bishnoi,21,3.0,0.0,0.0,0.0,1.0,2.0,17.0,15.0,2.0,2023,T20,2023_04_15,Lucknow,Lucknow Super Giants_v_Punjab Kings,Lucknow Super Giants,0,0,0,0,0,0,0,6.8,0.0,3.0,50.0,53.0
1,Yudhvir Singh,21,0.0,0.0,0.0,1.0,1.0,2.0,19.0,18.0,2.0,2023,T20,2023_04_15,Lucknow,Lucknow Super Giants_v_Punjab Kings,Lucknow Super Giants,0,0,0,-2,0,0,0,6.333333333333333,0.0,-2.0,50.0,48.0
1,Avesh Khan,21,,,,,,2.0,23.0,18.0,0.0,2023,T20,2023_04_15,Lucknow,Lucknow Super Giants_v_Punjab Kings,Lucknow Super Giants,0,0,0,0,0,0,0,7.666666666666667,0.0,0.0,0.0,0.0
1,MA Wood,21,,,,,,2.0,33.0,24.0,2.0,2023,T20,2023_04_15,Lucknow,Lucknow Super Giants_v_Punjab Kings,Lucknow Super Giants,0,0,0,0,0,0,0,8.25,0.0,0.0,50.0,50.0
2,Arshdeep Singh,21,,,,,,1.0,21.0,18.0,1.0,2023,T20,2023_04_15,Lucknow,Lucknow Super Giants_v_Punjab Kings,Punjab Kings,0,0,0,0,0,0,0,7.0,0.0,0.0,25.0,25.0
2,Sikandar Raza,21,57.0,4.0,3.0,1.0,41.0,1.0,18.0,12.0,1.0,2023,T20,2023_04_15,Lucknow,Lucknow Super Giants_v_Punjab Kings,Punjab Kings,4,8,0,0,0,0,0,9.0,0.0,79.0,25.0,104.0
2,SM Curran,21,6.0,1.0,0.0,1.0,6.0,1.0,29.0,24.0,3.0,2023,T20,2023_04_15,Lucknow,Lucknow Super Giants_v_Punjab Kings,Punjab Kings,0,0,0,0,4,0,0,7.25,0.0,7.0,79.0,86.0
2,P Simran Singh,21,4.0,1.0,0.0,1.0,4.0,,,,,2023,T20,2023_04_15,Lucknow,Lucknow Super Giants_v_Punjab Kings,Punjab Kings,0,0,0,0,0,0,0,,0.0,5.0,0.0,5.0
2,Harpreet Brar,21,6.0,1.0,0.0,1.0,4.0,1.0,10.0,12.0,1.0,2023,T20,2023_04_15,Lucknow,Lucknow Super Giants_v_Punjab Kings,Punjab Kings,0,0,0,0,0,0,0,5.0,1.0,7.0,26.0,33.0
2,M Shahrukh Khan,21,23.0,1.0,2.0,0.0,10.0,,,,,2023,T20,2023_04_15,Lucknow,Lucknow Super Giants_v_Punjab Kings,Punjab Kings,0,0,0,0,0,0,0,,0.0,28.0,0.0,28.0
2,K Rabada,21,0.0,0.0,0.0,0.0,1.0,1.0,32.0,24.0,2.0,2023,T20,2023_04_15,Lucknow,Lucknow Super Giants_v_Punjab Kings,Punjab Kings,0,0,0,-2,0,0,0,8.0,0.0,-2.0,50.0,48.0
2,JM Sharma,21,2.0,0.0,0.0,1.0,4.0,,,,,2023,T20,2023_04_15,Lucknow,Lucknow Super Giants_v_Punjab Kings,Punjab Kings,0,0,0,0,0,0,0,,0.0,2.0,0.0,2.0
2,Harpreet Singh,21,22.0,3.0,0.0,1.0,22.0,,,,,2023,T20,2023_04_15,Lucknow,Lucknow Super Giants_v_Punjab Kings,Punjab Kings,0,0,0,0,0,0,0,,0.0,25.0,0.0,25.0
2,Atharva Taide,21,0.0,0.0,0.0,1.0,3.0,,,,,2023,T20,2023_04_15,Lucknow,Lucknow Super Giants_v_Punjab Kings,Punjab Kings,0,0,0,-2,0,0,0,,0.0,-2.0,0.0,-2.0
2,MW Short,21,34.0,5.0,1.0,1.0,22.0,1.0,10.0,12.0,0.0,2023,T20,2023_04_15,Lucknow,Lucknow Super Giants_v_Punjab Kings,Punjab Kings,4,0,0,0,0,0,0,5.0,1.0,45.0,1.0,46.0
2,RD Chahar,21,,,,,,1.0,27.0,18.0,0.0,2023,T20,2023_04_15,Lucknow,Lucknow Super Giants_v_Punjab Kings,Punjab Kings,0,0,0,0,0,0,0,9.0,0.0,0.0,0.0,0.0
1,AD Russell,22,21.0,3.0,1.0,0.0,11.0,2.0,17.0,6.0,0.0,2023,T20,2023_04_16,Mumbai,Kolkata Knight Riders_v_Mumbai Indians,Kolkata Knight Riders,0,0,0,0,0,0,0,17.0,0.0,26.0,0.0,26.0
1,LH Ferguson,22,,,,,,2.0,19.0,10.0,1.0,2023,T20,2023_04_16,Mumbai,Kolkata Knight Riders_v_Mumbai Indians,Kolkata Knight Riders,0,0,0,0,0,0,0,11.4,0.0,0.0,25.0,25.0
1,CV Varun,22,,,,,,2.0,37.0,24.0,1.0,2023,T20,2023_04_16,Mumbai,Kolkata Knight Riders_v_Mumbai Indians,Kolkata Knight Riders,0,0,0,0,0,0,0,9.25,0.0,0.0,25.0,25.0
1,Suyash Sharma,22,,,,,,2.0,27.0,24.0,2.0,2023,T20,2023_04_16,Mumbai,Kolkata Knight Riders_v_Mumbai Indians,Kolkata Knight Riders,0,0,0,0,0,0,0,6.75,0.0,0.0,50.0,50.0
1,VR Iyer,22,104.0,6.0,9.0,1.0,51.0,,,,,2023,T20,2023_04_16,Mumbai,Kolkata Knight Riders_v_Mumbai Indians,Kolkata Knight Riders,4,8,16,0,0,0,0,,0.0,156.0,0.0,156.0
1,SP Narine,22,2.0,0.0,0.0,0.0,2.0,2.0,39.0,18.0,0.0,2023,T20,2023_04_16,Mumbai,Kolkata Knight Riders_v_Mumbai Indians,Kolkata Knight Riders,0,0,0,0,0,0,0,13.0,0.0,2.0,0.0,2.0
1,UT Yadav,22,,,,,,2.0,19.0,12.0,0.0,2023,T20,2023_04_16,Mumbai,Kolkata Knight Riders_v_Mumbai Indians,Kolkata Knight Riders,0,0,0,0,0,0,0,9.5,0.0,0.0,0.0,0.0
1,Rahmanullah Gurbaz,22,8.0,0.0,0.0,1.0,12.0,,,,,2023,T20,2023_04_16,Mumbai,Kolkata Knight Riders_v_Mumbai Indians,Kolkata Knight Riders,0,0,0,0,0,0,0,,0.0,8.0,0.0,8.0
1,N Jagadeesan,22,0.0,0.0,0.0,1.0,5.0,,,,,2023,T20,2023_04_16,Mumbai,Kolkata Knight Riders_v_Mumbai Indians,Kolkata Knight Riders,0,0,0,-2,0,0,0,,0.0,-2.0,0.0,-2.0
1,RK Singh,22,18.0,2.0,0.0,1.0,18.0,,,,,2023,T20,2023_04_16,Mumbai,Kolkata Knight Riders_v_Mumbai Indians,Kolkata Knight Riders,0,0,0,0,0,0,0,,0.0,20.0,0.0,20.0
1,N Rana,22,5.0,0.0,0.0,1.0,10.0,,,,,2023,T20,2023_04_16,Mumbai,Kolkata Knight Riders_v_Mumbai Indians,Kolkata Knight Riders,0,0,0,0,0,0,0,,0.0,5.0,0.0,5.0
1,SN Thakur,22,13.0,1.0,0.0,1.0,11.0,2.0,24.0,12.0,1.0,2023,T20,2023_04_16,Mumbai,Kolkata Knight Riders_v_Mumbai Indians,Kolkata Knight Riders,0,0,0,0,0,0,0,12.0,0.0,14.0,25.0,39.0
2,RP Meredith,22,,,,,,1.0,40.0,24.0,1.0,2023,T20,2023_04_16,Mumbai,Kolkata Knight Riders_v_Mumbai Indians,Mumbai Indians,0,0,0,0,0,0,0,10.0,0.0,0.0,25.0,25.0
2,PP Chawla,22,,,,,,1.0,19.0,24.0,1.0,2023,T20,2023_04_16,Mumbai,Kolkata Knight Riders_v_Mumbai Indians,Mumbai Indians,0,0,0,0,0,0,0,4.75,0.0,0.0,25.0,25.0
2,HR Shokeen,22,,,,,,1.0,33.0,24.0,2.0,2023,T20,2023_04_16,Mumbai,Kolkata Knight Riders_v_Mumbai Indians,Mumbai Indians,0,0,0,0,0,0,0,8.25,0.0,0.0,50.0,50.0
2,D Jansen,22,,,,,,1.0,49.0,24.0,1.0,2023,T20,2023_04_16,Mumbai,Kolkata Knight Riders_v_Mumbai Indians,Mumbai Indians,0,0,0,0,0,0,0,12.25,0.0,0.0,25.0,25.0
2,Arjun Tendulkar,22,,,,,,1.0,16.0,12.0,0.0,2023,T20,2023_04_16,Mumbai,Kolkata Knight Riders_v_Mumbai Indians,Mumbai Indians,0,0,0,0,0,0,0,8.0,0.0,0.0,0.0,0.0
2,TH David,22,24.0,1.0,2.0,0.0,13.0,,,,,2023,T20,2023_04_16,Mumbai,Kolkata Knight Riders_v_Mumbai Indians,Mumbai Indians,0,0,0,0,0,0,0,,0.0,29.0,0.0,29.0
2,SA Yadav,22,43.0,4.0,3.0,1.0,25.0,,,,,2023,T20,2023_04_16,Mumbai,Kolkata Knight Riders_v_Mumbai Indians,Mumbai Indians,4,0,0,0,0,0,0,,0.0,57.0,0.0,57.0
2,N Wadhera,22,6.0,1.0,0.0,1.0,4.0,,,,,2023,T20,2023_04_16,Mumbai,Kolkata Knight Riders_v_Mumbai Indians,Mumbai Indians,0,0,0,0,0,0,0,,0.0,7.0,0.0,7.0
2,Ishan Kishan,22,58.0,5.0,5.0,1.0,25.0,,,,,2023,T20,2023_04_16,Mumbai,Kolkata Knight Riders_v_Mumbai Indians,Mumbai Indians,4,8,0,0,0,0,0,,0.0,85.0,0.0,85.0
2,C Green,22,1.0,0.0,0.0,0.0,1.0,1.0,14.0,12.0,1.0,2023,T20,2023_04_16,Mumbai,Kolkata Knight Riders_v_Mumbai Indians,Mumbai Indians,0,0,0,0,0,0,0,7.0,0.0,1.0,25.0,26.0
2,Tilak Varma,22,30.0,3.0,1.0,1.0,25.0,,,,,2023,T20,2023_04_16,Mumbai,Kolkata Knight Riders_v_Mumbai Indians,Mumbai Indians,4,0,0,0,0,0,0,,0.0,39.0,0.0,39.0
2,RG Sharma,22,20.0,1.0,2.0,1.0,13.0,,,,,2023,T20,2023_04_16,Mumbai,Kolkata Knight Riders_v_Mumbai Indians,Mumbai Indians,0,0,0,0,0,0,0,,0.0,25.0,0.0,25.0
1,A Manohar,23,27.0,0.0,3.0,1.0,13.0,,,,,2023,T20,2023_04_16,Ahmedabad,Gujarat Titans_v_Rajasthan Royals,Gujarat Titans,0,0,0,0,0,0,0,,0.0,33.0,0.0,33.0
1,B Sai Sudharsan,23,20.0,2.0,0.0,0.0,19.0,,,,,2023,T20,2023_04_16,Ahmedabad,Gujarat Titans_v_Rajasthan Royals,Gujarat Titans,0,0,0,0,0,0,0,,0.0,22.0,0.0,22.0
1,DA Miller,23,46.0,3.0,2.0,1.0,30.0,,,,,2023,T20,2023_04_16,Ahmedabad,Gujarat Titans_v_Rajasthan Royals,Gujarat Titans,4,0,0,0,0,0,0,,0.0,57.0,0.0,57.0
1,HH Pandya,23,28.0,3.0,1.0,1.0,19.0,2.0,24.0,24.0,1.0,2023,T20,2023_04_16,Ahmedabad,Gujarat Titans_v_Rajasthan Royals,Gujarat Titans,0,0,0,0,0,0,0,6.0,0.0,33.0,25.0,58.0
1,R Tewatia,23,1.0,0.0,0.0,0.0,1.0,,,,,2023,T20,2023_04_16,Ahmedabad,Gujarat Titans_v_Rajasthan Royals,Gujarat Titans,0,0,0,0,0,0,0,,0.0,1.0,0.0,1.0
1,Rashid Khan,23,1.0,0.0,0.0,1.0,1.0,2.0,46.0,24.0,2.0,2023,T20,2023_04_16,Ahmedabad,Gujarat Titans_v_Rajasthan Royals,Gujarat Titans,0,0,0,0,0,0,0,11.5,0.0,1.0,50.0,51.0
1,Shubman Gill,23,45.0,4.0,1.0,2.0,34.0,,,,,2023,T20,2023_04_16,Ahmedabad,Gujarat Titans_v_Rajasthan Royals,Gujarat Titans,4,0,0,0,0,0,0,,0.0,55.0,0.0,55.0
1,WP Saha,23,4.0,1.0,0.0,1.0,3.0,,,,,2023,T20,2023_04_16,Ahmedabad,Gujarat Titans_v_Rajasthan Royals,Gujarat Titans,0,0,0,0,0,0,0,,0.0,5.0,0.0,5.0
1,Noor Ahmad,23,,,,,,2.0,28.0,14.0,1.0,2023,T20,2023_04_16,Ahmedabad,Gujarat Titans_v_Rajasthan Royals,Gujarat Titans,0,0,0,0,0,0,0,12.0,0.0,0.0,25.0,25.0
1,Mohammed Shami,23,,,,,,2.0,24.0,24.0,3.0,2023,T20,2023_04_16,Ahmedabad,Gujarat Titans_v_Rajasthan Royals,Gujarat Titans,0,0,0,0,4,0,0,6.0,0.0,0.0,79.0,79.0
1,MM Sharma,23,,,,,,2.0,7.0,12.0,0.0,2023,T20,2023_04_16,Ahmedabad,Gujarat Titans_v_Rajasthan Royals,Gujarat Titans,0,0,0,0,0,0,0,3.5,0.0,0.0,0.0,0.0
1,AS Joseph,23,,,,,,2.0,47.0,18.0,0.0,2023,T20,2023_04_16,Ahmedabad,Gujarat Titans_v_Rajasthan Royals,Gujarat Titans,0,0,0,0,0,0,0,15.666666666666666,0.0,0.0,0.0,0.0
2,A Zampa,23,,,,,,1.0,32.0,24.0,2.0,2023,T20,2023_04_16,Ahmedabad,Gujarat Titans_v_Rajasthan Royals,Rajasthan Royals,0,0,0,0,0,0,0,8.0,0.0,0.0,50.0,50.0
2,YBK Jaiswal,23,1.0,0.0,0.0,1.0,7.0,,,,,2023,T20,2023_04_16,Ahmedabad,Gujarat Titans_v_Rajasthan Royals,Rajasthan Royals,0,0,0,0,0,0,0,,0.0,1.0,0.0,1.0
2,TA Boult,23,0.0,0.0,0.0,0.0,1.0,1.0,44.0,24.0,1.0,2023,T20,2023_04_16,Ahmedabad,Gujarat Titans_v_Rajasthan Royals,Rajasthan Royals,0,0,0,-2,0,0,0,11.0,0.0,-2.0,25.0,23.0
2,R Ashwin,23,10.0,1.0,1.0,1.0,3.0,1.0,37.0,24.0,0.0,2023,T20,2023_04_16,Ahmedabad,Gujarat Titans_v_Rajasthan Royals,Rajasthan Royals,0,0,0,0,0,0,0,9.25,0.0,13.0,0.0,13.0
2,SO Hetmyer,23,56.0,2.0,5.0,0.0,26.0,,,,,2023,T20,2023_04_16,Ahmedabad,Gujarat Titans_v_Rajasthan Royals,Rajasthan Royals,4,8,0,0,0,0,0,,0.0,80.0,0.0,80.0
2,R Parag,23,5.0,0.0,0.0,1.0,7.0,,,,,2023,T20,2023_04_16,Ahmedabad,Gujarat Titans_v_Rajasthan Royals,Rajasthan Royals,0,0,0,0,0,0,0,,0.0,5.0,0.0,5.0
2,Sandeep Sharma,23,,,,,,1.0,24.0,24.0,3.0,2023,T20,2023_04_16,Ahmedabad,Gujarat Titans_v_Rajasthan Royals,Rajasthan Royals,0,0,0,0,4,0,0,6.0,0.0,0.0,79.0,79.0
2,JC Buttler,23,0.0,0.0,0.0,1.0,5.0,,,,,2023,T20,2023_04_16,Ahmedabad,Gujarat Titans_v_Rajasthan Royals,Rajasthan Royals,0,0,0,-2,0,0,0,,0.0,-2.0,0.0,-2.0
2,Dhruv Jurel,23,18.0,2.0,1.0,1.0,10.0,,,,,2023,T20,2023_04_16,Ahmedabad,Gujarat Titans_v_Rajasthan Royals,Rajasthan Royals,0,0,0,0,0,0,0,,0.0,22.0,0.0,22.0
2,D Padikkal,23,26.0,2.0,2.0,1.0,25.0,,,,,2023,T20,2023_04_16,Ahmedabad,Gujarat Titans_v_Rajasthan Royals,Rajasthan Royals,0,0,0,0,0,0,0,,0.0,32.0,0.0,32.0
2,SV Samson,23,60.0,3.0,6.0,1.0,32.0,,,,,2023,T20,2023_04_16,Ahmedabad,Gujarat Titans_v_Rajasthan Royals,Rajasthan Royals,4,8,0,0,0,0,0,,0.0,87.0,0.0,87.0
2,YS Chahal,23,,,,,,1.0,35.0,24.0,1.0,2023,T20,2023_04_16,Ahmedabad,Gujarat Titans_v_Rajasthan Royals,Rajasthan Royals,0,0,0,0,0,0,0,8.75,0.0,0.0,25.0,25.0
1,AM Rahane,24,37.0,3.0,2.0,1.0,20.0,,,,,2023,T20,2023_04_17,Bengaluru,Chennai Super Kings_v_Royal Challengers Bangalore,Chennai Super Kings,4,0,0,0,0,0,0,,0.0,48.0,0.0,48.0
1,AT Rayudu,24,14.0,1.0,1.0,1.0,6.0,,,,,2023,T20,2023_04_17,Bengaluru,Chennai Super Kings_v_Royal Challengers Bangalore,Chennai Super Kings,0,0,0,0,0,0,0,,0.0,17.0,0.0,17.0
1,DP Conway,24,83.0,6.0,6.0,1.0,45.0,,,,,2023,T20,2023_04_17,Bengaluru,Chennai Super Kings_v_Royal Challengers Bangalore,Chennai Super Kings,4,8,0,0,0,0,0,,0.0,113.0,0.0,113.0
1,MM Ali,24,19.0,0.0,2.0,0.0,7.0,2.0,13.0,6.0,1.0,2023,T20,2023_04_17,Bengaluru,Chennai Super Kings_v_Royal Challengers Bangalore,Chennai Super Kings,0,0,0,0,0,0,0,13.0,0.0,23.0,25.0,48.0
1,MS Dhoni,24,1.0,0.0,0.0,0.0,1.0,,,,,2023,T20,2023_04_17,Bengaluru,Chennai Super Kings_v_Royal Challengers Bangalore,Chennai Super Kings,0,0,0,0,0,0,0,,0.0,1.0,0.0,1.0
1,RA Jadeja,24,10.0,0.0,1.0,1.0,8.0,2.0,37.0,24.0,0.0,2023,T20,2023_04_17,Bengaluru,Chennai Super Kings_v_Royal Challengers Bangalore,Chennai Super Kings,0,0,0,0,0,0,0,9.25,0.0,12.0,0.0,12.0
1,RD Gaikwad,24,3.0,0.0,0.0,1.0,6.0,,,,,2023,T20,2023_04_17,Bengaluru,Chennai Super Kings_v_Royal Challengers Bangalore,Chennai Super Kings,0,0,0,0,0,0,0,,0.0,3.0,0.0,3.0
1,S Dube,24,52.0,2.0,5.0,1.0,27.0,,,,,2023,T20,2023_04_17,Bengaluru,Chennai Super Kings_v_Royal Challengers Bangalore,Chennai Super Kings,4,8,0,0,0,0,0,,0.0,76.0,0.0,76.0
1,M Theekshana,24,,,,,,2.0,40.0,24.0,1.0,2023,T20,2023_04_17,Bengaluru,Chennai Super Kings_v_Royal Challengers Bangalore,Chennai Super Kings,0,0,0,0,0,0,0,10.0,0.0,0.0,25.0,25.0
1,M Pathirana,24,,,,,,2.0,40.0,24.0,2.0,2023,T20,2023_04_17,Bengaluru,Chennai Super Kings_v_Royal Challengers Bangalore,Chennai Super Kings,0,0,0,0,0,0,0,10.0,0.0,0.0,50.0,50.0
1,TU Deshpande,24,,,,,,2.0,42.0,24.0,3.0,2023,T20,2023_04_17,Bengaluru,Chennai Super Kings_v_Royal Challengers Bangalore,Chennai Super Kings,0,0,0,0,4,0,0,10.5,0.0,0.0,79.0,79.0
1,Akash Singh,24,,,,,,2.0,35.0,18.0,1.0,2023,T20,2023_04_17,Bengaluru,Chennai Super Kings_v_Royal Challengers Bangalore,Chennai Super Kings,0,0,0,0,0,0,0,11.666666666666666,0.0,0.0,25.0,25.0
2,Mohammed Siraj,24,,,,,,1.0,29.0,24.0,1.0,2023,T20,2023_04_17,Bengaluru,Chennai Super Kings_v_Royal Challengers Bangalore,Royal Challengers Bangalore,0,0,0,0,0,0,0,7.25,0.0,0.0,25.0,25.0
2,HV Patel,24,,,,,,1.0,32.0,20.0,1.0,2023,T20,2023_04_17,Bengaluru,Chennai Super Kings_v_Royal Challengers Bangalore,Royal Challengers Bangalore,0,0,0,0,0,0,0,9.6,0.0,0.0,25.0,25.0
2,WD Parnell,24,2.0,0.0,0.0,1.0,5.0,1.0,48.0,24.0,1.0,2023,T20,2023_04_17,Bengaluru,Chennai Super Kings_v_Royal Challengers Bangalore,Royal Challengers Bangalore,0,0,0,0,0,0,0,12.0,0.0,2.0,25.0,27.0
2,MK Lomror,24,0.0,0.0,0.0,1.0,5.0,,,,,2023,T20,2023_04_17,Bengaluru,Chennai Super Kings_v_Royal Challengers Bangalore,Royal Challengers Bangalore,0,0,0,-2,0,0,0,,0.0,-2.0,0.0,-2.0
2,Shahbaz Ahmed,24,12.0,0.0,1.0,1.0,10.0,,,,,2023,T20,2023_04_17,Bengaluru,Chennai Super Kings_v_Royal Challengers Bangalore,Royal Challengers Bangalore,0,0,0,0,0,0,0,,0.0,14.0,0.0,14.0
2,SS Prabhudessai,24,19.0,0.0,2.0,1.0,11.0,,,,,2023,T20,2023_04_17,Bengaluru,Chennai Super Kings_v_Royal Challengers Bangalore,Royal Challengers Bangalore,0,0,0,0,0,0,0,,0.0,23.0,0.0,23.0
2,PWH de Silva,24,2.0,0.0,0.0,0.0,2.0,1.0,21.0,12.0,1.0,2023,T20,2023_04_17,Bengaluru,Chennai Super Kings_v_Royal Challengers Bangalore,Royal Challengers Bangalore,0,0,0,0,0,0,0,10.5,0.0,2.0,25.0,27.0
2,KD Karthik,24,28.0,3.0,1.0,1.0,14.0,,,,,2023,T20,2023_04_17,Bengaluru,Chennai Super Kings_v_Royal Challengers Bangalore,Royal Challengers Bangalore,0,0,0,0,0,0,0,,0.0,33.0,0.0,33.0
2,GJ Maxwell,24,76.0,3.0,8.0,1.0,36.0,1.0,27.0,16.0,1.0,2023,T20,2023_04_17,Bengaluru,Chennai Super Kings_v_Royal Challengers Bangalore,Royal Challengers Bangalore,4,8,0,0,0,0,0,10.125,0.0,107.0,25.0,132.0
2,F du Plessis,24,62.0,5.0,4.0,1.0,33.0,,,,,2023,T20,2023_04_17,Bengaluru,Chennai Super Kings_v_Royal Challengers Bangalore,Royal Challengers Bangalore,4,8,0,0,0,0,0,,0.0,87.0,0.0,87.0
2,V Kohli,24,6.0,1.0,0.0,1.0,4.0,,,,,2023,T20,2023_04_17,Bengaluru,Chennai Super Kings_v_Royal Challengers Bangalore,Royal Challengers Bangalore,0,0,0,0,0,0,0,,0.0,7.0,0.0,7.0
2,Vijaykumar Vyshak,24,,,,,,1.0,62.0,24.0,1.0,2023,T20,2023_04_17,Bengaluru,Chennai Super Kings_v_Royal Challengers Bangalore,Royal Challengers Bangalore,0,0,0,0,0,0,0,15.5,0.0,0.0,25.0,25.0
